# MagicaVoxel @ Ephtracy

# group
o 

# material
mtllib constructionSite.mtl
usemtl palette

# normals
vn -1 0 0
vn 1 0 0
vn 0 0 1
vn 0 0 -1
vn 0 -1 0
vn 0 1 0

# texcoords
vt 0.0566406 0.5
vt 0.134766 0.5
vt 0.150391 0.5
vt 0.177734 0.5

# verts
v -1.6 0 1.6
v -1.6 0 1.4
v -1.6 0 -1.4
v -1.6 0 -1.6
v -1.6 0.1 1.4
v -1.6 0.1 -1.4
v -1.6 0.4 1.6
v -1.6 0.4 1.5
v -1.6 0.4 1.4
v -1.6 0.4 1.3
v -1.6 0.4 1.2
v -1.6 0.4 1.1
v -1.6 0.4 1
v -1.6 0.4 0.9
v -1.6 0.4 0.8
v -1.6 0.4 -0.8
v -1.6 0.4 -0.9
v -1.6 0.4 -1
v -1.6 0.4 -1.1
v -1.6 0.4 -1.2
v -1.6 0.4 -1.3
v -1.6 0.4 -1.4
v -1.6 0.4 -1.5
v -1.6 0.4 -1.6
v -1.6 0.5 1.6
v -1.6 0.5 1.5
v -1.6 0.5 1.4
v -1.6 0.5 1.3
v -1.6 0.5 1.2
v -1.6 0.5 1.1
v -1.6 0.5 1
v -1.6 0.5 0.9
v -1.6 0.5 0.8
v -1.6 0.5 0.7
v -1.6 0.5 0.6
v -1.6 0.5 0.5
v -1.6 0.5 0.4
v -1.6 0.5 0.3
v -1.6 0.5 0.2
v -1.6 0.5 -0.4
v -1.6 0.5 -0.5
v -1.6 0.5 -0.6
v -1.6 0.5 -0.7
v -1.6 0.5 -0.8
v -1.6 0.5 -0.9
v -1.6 0.5 -1
v -1.6 0.5 -1.1
v -1.6 0.5 -1.2
v -1.6 0.5 -1.3
v -1.6 0.5 -1.4
v -1.6 0.5 -1.5
v -1.6 0.5 -1.6
v -1.6 0.6 0.9
v -1.6 0.6 0.8
v -1.6 0.6 0.7
v -1.6 0.6 0.6
v -1.6 0.6 0.5
v -1.6 0.6 0.4
v -1.6 0.6 0.3
v -1.6 0.6 0.2
v -1.6 0.6 0.1
v -1.6 0.6 0
v -1.6 0.6 -0.1
v -1.6 0.6 -0.2
v -1.6 0.6 -0.3
v -1.6 0.6 -0.4
v -1.6 0.6 -0.5
v -1.6 0.6 -0.6
v -1.6 0.6 -0.7
v -1.6 0.6 -0.8
v -1.6 0.6 -0.9
v -1.6 0.7 0.3
v -1.6 0.7 0.2
v -1.6 0.7 0.1
v -1.6 0.7 0
v -1.6 0.7 -0.1
v -1.6 0.7 -0.2
v -1.6 0.7 -0.3
v -1.6 0.7 -0.4
v -1.6 0.7 -0.5
v -1.6 0.8 0.2
v -1.6 0.8 0.1
v -1.6 0.8 0
v -1.6 0.8 -0.1
v -1.6 0.8 -0.2
v -1.6 0.9 1
v -1.6 0.9 0.9
v -1.6 0.9 0.8
v -1.6 0.9 0.7
v -1.6 0.9 0.6
v -1.6 0.9 0.5
v -1.6 0.9 0.4
v -1.6 0.9 0.3
v -1.6 0.9 0.2
v -1.6 0.9 0.1
v -1.6 0.9 0
v -1.6 0.9 -0.1
v -1.6 0.9 -0.2
v -1.6 0.9 -0.3
v -1.6 0.9 -0.4
v -1.6 0.9 -0.5
v -1.6 0.9 -0.6
v -1.6 0.9 -0.7
v -1.6 0.9 -0.8
v -1.6 0.9 -0.9
v -1.6 1 1.6
v -1.6 1 1.5
v -1.6 1 1.4
v -1.6 1 1.3
v -1.6 1 1.2
v -1.6 1 1.1
v -1.6 1 1
v -1.6 1 0.9
v -1.6 1 0.8
v -1.6 1 0.7
v -1.6 1 0.6
v -1.6 1 0.5
v -1.6 1 0.4
v -1.6 1 0.3
v -1.6 1 0.2
v -1.6 1 0.1
v -1.6 1 -0.2
v -1.6 1 -0.3
v -1.6 1 -0.4
v -1.6 1 -0.5
v -1.6 1 -0.6
v -1.6 1 -0.7
v -1.6 1 -0.8
v -1.6 1 -0.9
v -1.6 1 -1
v -1.6 1 -1.1
v -1.6 1 -1.2
v -1.6 1 -1.3
v -1.6 1 -1.4
v -1.6 1 -1.5
v -1.6 1 -1.6
v -1.6 1.1 1.6
v -1.6 1.1 1.5
v -1.6 1.1 1.4
v -1.6 1.1 1.3
v -1.6 1.1 1.2
v -1.6 1.1 1.1
v -1.6 1.1 1
v -1.6 1.1 0.9
v -1.6 1.1 -0.8
v -1.6 1.1 -0.9
v -1.6 1.1 -1
v -1.6 1.1 -1.1
v -1.6 1.1 -1.2
v -1.6 1.1 -1.3
v -1.6 1.1 -1.4
v -1.6 1.1 -1.5
v -1.6 1.1 -1.6
v -1.6 1.3 1.6
v -1.6 1.3 1.4
v -1.6 1.3 -1.4
v -1.6 1.3 -1.6
v -1.5 0.1 1.4
v -1.5 0.1 -1.4
v -1.5 0.2 1.4
v -1.5 0.2 -1.4
v -1.3 0.2 1.3
v -1.3 0.2 -1.3
v -1.3 0.3 1.3
v -1.3 0.3 -0.2
v -1.3 0.3 -0.3
v -1.3 0.3 -1.3
v -1.3 0.4 -0.2
v -1.3 0.4 -0.3
v -1.3 0.5 1.6
v -1.3 0.5 1.5
v -1.3 0.5 -1.5
v -1.3 0.5 -1.6
v -1.3 0.6 1.6
v -1.3 0.6 1.5
v -1.3 0.6 -1.5
v -1.3 0.6 -1.6
v -1.3 0.9 1.6
v -1.3 0.9 1.5
v -1.3 1 1.6
v -1.3 1 1.5
v -1.2 0.6 1.6
v -1.2 0.6 1.5
v -1.2 0.6 -1.5
v -1.2 0.6 -1.6
v -1.2 0.7 1.6
v -1.2 0.7 1.5
v -1.2 0.7 -1.5
v -1.2 0.7 -1.6
v -1.2 0.8 1.6
v -1.2 0.8 1.5
v -1.2 0.9 1.6
v -1.2 0.9 1.5
v -1.2 0.9 -1.5
v -1.2 0.9 -1.6
v -1.2 1 -1.5
v -1.2 1 -1.6
v -1.1 0.5 1.6
v -1.1 0.5 1.5
v -1.1 0.6 1.6
v -1.1 0.6 1.5
v -1.1 0.8 -1.5
v -1.1 0.8 -1.6
v -1.1 0.9 -1.5
v -1.1 0.9 -1.6
v -1 0.5 -1.5
v -1 0.5 -1.6
v -1 0.6 -1.5
v -1 0.6 -1.6
v -1 0.8 1.6
v -1 0.8 1.5
v -1 0.9 1.6
v -1 0.9 1.5
v -0.9 0.1 0.7
v -0.9 0.1 0.6
v -0.9 0.2 0.7
v -0.9 0.2 0.6
v -0.7 0.1 0.4
v -0.7 0.1 0.3
v -0.7 0.1 -0.7
v -0.7 0.1 -0.8
v -0.7 0.2 0.4
v -0.7 0.2 0.3
v -0.7 0.2 -0.7
v -0.7 0.2 -0.8
v -0.4 0.1 0.9
v -0.4 0.1 0
v -0.4 0.1 -0.5
v -0.4 0.1 -0.9
v -0.4 0.2 0.9
v -0.4 0.2 0
v -0.4 0.2 -0.5
v -0.4 0.2 -0.9
v -0.3 0.2 1.1
v -0.3 0.2 -0.2
v -0.3 0.2 -0.4
v -0.3 0.2 -1.2
v -0.3 0.3 1.1
v -0.3 0.3 -0.2
v -0.3 0.3 -0.4
v -0.3 0.3 -1.2
v -0.3 0.9 1.6
v -0.3 0.9 1.5
v -0.3 1 1.6
v -0.3 1 1.5
v -0.2 0.3 0.8
v -0.2 0.3 0.6
v -0.2 0.3 0.1
v -0.2 0.3 -0.1
v -0.2 0.3 -0.3
v -0.2 0.3 -0.4
v -0.2 0.3 -0.9
v -0.2 0.3 -1
v -0.2 0.4 0.8
v -0.2 0.4 0.6
v -0.2 0.4 0.1
v -0.2 0.4 -0.1
v -0.2 0.4 -0.3
v -0.2 0.4 -0.4
v -0.2 0.4 -0.9
v -0.2 0.4 -1
v -0.1 0.3 0.9
v -0.1 0.3 0.8
v -0.1 0.3 0.6
v -0.1 0.3 0.5
v -0.1 0.4 0.9
v -0.1 0.4 0.8
v -0.1 0.4 0.6
v -0.1 0.4 0.5
v -0.1 0.5 0.8
v -0.1 0.5 0.6
v 0 0.3 0.5
v 0 0.3 0.4
v 0 0.4 0.5
v 0 0.4 0.4
v 0.1 0.3 0.4
v 0.1 0.3 0.3
v 0.1 0.4 0.5
v 0.1 0.4 0.4
v 0.1 0.4 0.3
v 0.1 0.5 0.5
v 0.1 0.5 0.4
v 0.2 0.3 -1.1
v 0.2 0.3 -1.2
v 0.2 0.4 1.6
v 0.2 0.4 1.5
v 0.2 0.4 -1.1
v 0.2 0.4 -1.2
v 0.2 0.5 1.6
v 0.2 0.5 1.5
v 0.2 0.9 -1.5
v 0.2 0.9 -1.6
v 0.2 1 -1.5
v 0.2 1 -1.6
v 0.3 0.3 1.2
v 0.3 0.3 1.1
v 0.3 0.4 1.2
v 0.3 0.4 1.1
v 0.4 0.3 1.1
v 0.4 0.3 1
v 0.4 0.4 1.1
v 0.4 0.4 1
v 0.4 1 1.6
v 0.4 1 1.5
v 0.4 1.1 1.6
v 0.4 1.1 1.5
v 0.5 0.1 0.1
v 0.5 0.1 0
v 0.5 0.2 0.1
v 0.5 0.2 0
v 0.5 0.4 -1.5
v 0.5 0.4 -1.6
v 0.5 0.5 -1.5
v 0.5 0.5 -1.6
v 0.6 0.3 0.6
v 0.6 0.3 0.5
v 0.6 0.4 0.6
v 0.6 0.4 0.5
v 0.6 1 -1.5
v 0.6 1 -1.6
v 0.6 1.1 -1.5
v 0.6 1.1 -1.6
v 0.7 0.3 -1.1
v 0.7 0.3 -1.2
v 0.7 0.4 -1.1
v 0.7 0.4 -1.2
v 0.8 0.1 -0.2
v 0.8 0.1 -0.3
v 0.8 0.2 -0.2
v 0.8 0.2 -0.3
v 0.9 0.1 0.2
v 0.9 0.1 -0.2
v 0.9 0.1 -0.3
v 0.9 0.1 -0.7
v 0.9 0.2 -0.2
v 0.9 0.2 -0.3
v 0.9 0.2 -0.7
v 0.9 0.2 -1
v 0.9 0.3 0.2
v 0.9 0.3 -1
v 0.9 1.1 1.6
v 0.9 1.1 1.5
v 0.9 1.2 1.6
v 0.9 1.2 1.5
v 1 0.1 1
v 1 0.1 0.8
v 1 0.2 1
v 1 0.2 0.8
v 1 0.3 0.5
v 1 0.3 0.4
v 1 0.3 -0.6
v 1 0.3 -0.7
v 1 0.4 0.5
v 1 0.4 0.4
v 1 0.4 -0.6
v 1 0.4 -0.7
v 1.1 0.2 1.1
v 1.1 0.2 0.7
v 1.1 0.3 1.1
v 1.1 0.3 0.7
v 1.1 0.3 0.4
v 1.1 0.3 0.1
v 1.1 0.3 -0.4
v 1.1 0.3 -0.6
v 1.1 0.3 -0.7
v 1.1 0.3 -0.8
v 1.1 0.4 0.4
v 1.1 0.4 0.1
v 1.1 0.4 -0.4
v 1.1 0.4 -0.6
v 1.1 0.4 -0.7
v 1.1 0.4 -0.8
v 1.4 0.1 1.6
v 1.4 0.1 1.5
v 1.4 0.1 -1.5
v 1.4 0.1 -1.6
v 1.4 0.2 1.5
v 1.4 0.2 1.4
v 1.4 0.2 -1.4
v 1.4 0.2 -1.5
v 1.4 0.4 1.6
v 1.4 0.4 1.5
v 1.4 0.4 -1.5
v 1.4 0.4 -1.6
v 1.4 0.5 1.6
v 1.4 0.5 1.5
v 1.4 0.5 -1.5
v 1.4 0.5 -1.6
v 1.4 1 -1.5
v 1.4 1 -1.6
v 1.4 1.1 1.6
v 1.4 1.1 1.5
v 1.4 1.1 -1.5
v 1.4 1.1 -1.6
v 1.4 1.2 1.6
v 1.4 1.2 1.5
v 1.4 1.3 1.6
v 1.4 1.3 1.4
v 1.4 1.3 -1.4
v 1.4 1.3 -1.6
v 1.5 0.4 1.4
v 1.5 0.4 1.3
v 1.5 0.4 1.2
v 1.5 0.4 1.1
v 1.5 0.4 1
v 1.5 0.4 0.9
v 1.5 0.4 0.8
v 1.5 0.4 -0.7
v 1.5 0.4 -0.8
v 1.5 0.4 -0.9
v 1.5 0.4 -1
v 1.5 0.4 -1.1
v 1.5 0.4 -1.2
v 1.5 0.4 -1.3
v 1.5 0.4 -1.4
v 1.5 0.5 1.4
v 1.5 0.5 1.3
v 1.5 0.5 1.2
v 1.5 0.5 1.1
v 1.5 0.5 1
v 1.5 0.5 0.9
v 1.5 0.5 0.8
v 1.5 0.5 0.7
v 1.5 0.5 0.6
v 1.5 0.5 0.5
v 1.5 0.5 0.4
v 1.5 0.5 -0.4
v 1.5 0.5 -0.5
v 1.5 0.5 -0.6
v 1.5 0.5 -0.7
v 1.5 0.5 -0.8
v 1.5 0.5 -0.9
v 1.5 0.5 -1
v 1.5 0.5 -1.1
v 1.5 0.5 -1.2
v 1.5 0.5 -1.3
v 1.5 0.5 -1.4
v 1.5 0.6 0.9
v 1.5 0.6 0.8
v 1.5 0.6 0.7
v 1.5 0.6 0.6
v 1.5 0.6 0.5
v 1.5 0.6 0.4
v 1.5 0.6 0.3
v 1.5 0.6 0.2
v 1.5 0.6 0.1
v 1.5 0.6 0
v 1.5 0.6 -0.1
v 1.5 0.6 -0.2
v 1.5 0.6 -0.3
v 1.5 0.6 -0.4
v 1.5 0.6 -0.5
v 1.5 0.6 -0.6
v 1.5 0.6 -0.7
v 1.5 0.6 -0.8
v 1.5 0.7 0.5
v 1.5 0.7 0.4
v 1.5 0.7 0.3
v 1.5 0.7 0.2
v 1.5 0.7 0.1
v 1.5 0.7 0
v 1.5 0.7 -0.1
v 1.5 0.7 -0.2
v 1.5 0.7 -0.3
v 1.5 0.7 -0.4
v 1.5 0.8 0.1
v 1.5 0.8 0
v 1.5 0.8 -0.1
v 1.5 0.8 -0.2
v 1.5 0.9 0.7
v 1.5 0.9 0.6
v 1.5 0.9 0.5
v 1.5 0.9 0.4
v 1.5 0.9 0.3
v 1.5 0.9 0.2
v 1.5 0.9 0.1
v 1.5 0.9 0
v 1.5 0.9 -0.1
v 1.5 0.9 -0.2
v 1.5 0.9 -0.3
v 1.5 0.9 -0.4
v 1.5 0.9 -0.5
v 1.5 1 1
v 1.5 1 0.9
v 1.5 1 0.8
v 1.5 1 0.7
v 1.5 1 0.6
v 1.5 1 0.5
v 1.5 1 0.4
v 1.5 1 0.3
v 1.5 1 0.2
v 1.5 1 0.1
v 1.5 1 -0.2
v 1.5 1 -0.3
v 1.5 1 -0.4
v 1.5 1 -0.5
v 1.5 1 -0.6
v 1.5 1 -0.7
v 1.5 1 -0.8
v 1.5 1 -0.9
v 1.5 1 -1
v 1.5 1 -1.1
v 1.5 1 -1.2
v 1.5 1 -1.3
v 1.5 1 -1.4
v 1.5 1.1 1.4
v 1.5 1.1 1.3
v 1.5 1.1 1.2
v 1.5 1.1 1.1
v 1.5 1.1 1
v 1.5 1.1 0.9
v 1.5 1.1 0.8
v 1.5 1.1 0.7
v 1.5 1.1 0.6
v 1.5 1.1 -0.5
v 1.5 1.1 -0.6
v 1.5 1.1 -0.7
v 1.5 1.1 -0.8
v 1.5 1.1 -0.9
v 1.5 1.1 -1
v 1.5 1.1 -1.1
v 1.5 1.1 -1.2
v 1.5 1.1 -1.3
v 1.5 1.1 -1.4
v 1.5 1.2 1.4
v 1.5 1.2 1.3
v 1.5 1.2 1.2
v 1.5 1.2 1.1
v 1.5 1.2 1
v 1.5 1.2 0.9
v -1.5 0.4 1.4
v -1.5 0.4 1.3
v -1.5 0.4 1.2
v -1.5 0.4 1.1
v -1.5 0.4 1
v -1.5 0.4 0.9
v -1.5 0.4 0.8
v -1.5 0.4 -0.8
v -1.5 0.4 -0.9
v -1.5 0.4 -1
v -1.5 0.4 -1.1
v -1.5 0.4 -1.2
v -1.5 0.4 -1.3
v -1.5 0.4 -1.4
v -1.5 0.5 1.4
v -1.5 0.5 1.3
v -1.5 0.5 1.2
v -1.5 0.5 1.1
v -1.5 0.5 1
v -1.5 0.5 0.9
v -1.5 0.5 0.8
v -1.5 0.5 0.7
v -1.5 0.5 0.6
v -1.5 0.5 0.5
v -1.5 0.5 0.4
v -1.5 0.5 0.3
v -1.5 0.5 0.2
v -1.5 0.5 -0.4
v -1.5 0.5 -0.5
v -1.5 0.5 -0.6
v -1.5 0.5 -0.7
v -1.5 0.5 -0.8
v -1.5 0.5 -0.9
v -1.5 0.5 -1
v -1.5 0.5 -1.1
v -1.5 0.5 -1.2
v -1.5 0.5 -1.3
v -1.5 0.5 -1.4
v -1.5 0.6 0.9
v -1.5 0.6 0.8
v -1.5 0.6 0.7
v -1.5 0.6 0.6
v -1.5 0.6 0.5
v -1.5 0.6 0.4
v -1.5 0.6 0.3
v -1.5 0.6 0.2
v -1.5 0.6 0.1
v -1.5 0.6 0
v -1.5 0.6 -0.1
v -1.5 0.6 -0.2
v -1.5 0.6 -0.3
v -1.5 0.6 -0.4
v -1.5 0.6 -0.5
v -1.5 0.6 -0.6
v -1.5 0.6 -0.7
v -1.5 0.6 -0.8
v -1.5 0.6 -0.9
v -1.5 0.7 0.3
v -1.5 0.7 0.2
v -1.5 0.7 0.1
v -1.5 0.7 0
v -1.5 0.7 -0.1
v -1.5 0.7 -0.2
v -1.5 0.7 -0.3
v -1.5 0.7 -0.4
v -1.5 0.7 -0.5
v -1.5 0.8 0.2
v -1.5 0.8 0.1
v -1.5 0.8 0
v -1.5 0.8 -0.1
v -1.5 0.8 -0.2
v -1.5 0.9 1
v -1.5 0.9 0.9
v -1.5 0.9 0.8
v -1.5 0.9 0.7
v -1.5 0.9 0.6
v -1.5 0.9 0.5
v -1.5 0.9 0.4
v -1.5 0.9 0.3
v -1.5 0.9 0.2
v -1.5 0.9 0.1
v -1.5 0.9 0
v -1.5 0.9 -0.1
v -1.5 0.9 -0.2
v -1.5 0.9 -0.3
v -1.5 0.9 -0.4
v -1.5 0.9 -0.5
v -1.5 0.9 -0.6
v -1.5 0.9 -0.7
v -1.5 0.9 -0.8
v -1.5 0.9 -0.9
v -1.5 1 1.4
v -1.5 1 1.3
v -1.5 1 1.2
v -1.5 1 1.1
v -1.5 1 1
v -1.5 1 0.9
v -1.5 1 0.8
v -1.5 1 0.7
v -1.5 1 0.6
v -1.5 1 0.5
v -1.5 1 0.4
v -1.5 1 0.3
v -1.5 1 0.2
v -1.5 1 0.1
v -1.5 1 -0.2
v -1.5 1 -0.3
v -1.5 1 -0.4
v -1.5 1 -0.5
v -1.5 1 -0.6
v -1.5 1 -0.7
v -1.5 1 -0.8
v -1.5 1 -0.9
v -1.5 1 -1
v -1.5 1 -1.1
v -1.5 1 -1.2
v -1.5 1 -1.3
v -1.5 1 -1.4
v -1.5 1.1 1.4
v -1.5 1.1 1.3
v -1.5 1.1 1.2
v -1.5 1.1 1.1
v -1.5 1.1 1
v -1.5 1.1 0.9
v -1.5 1.1 -0.8
v -1.5 1.1 -0.9
v -1.5 1.1 -1
v -1.5 1.1 -1.1
v -1.5 1.1 -1.2
v -1.5 1.1 -1.3
v -1.5 1.1 -1.4
v -1.4 0.1 1.6
v -1.4 0.1 1.5
v -1.4 0.1 -1.5
v -1.4 0.1 -1.6
v -1.4 0.2 1.5
v -1.4 0.2 1.4
v -1.4 0.2 -1.4
v -1.4 0.2 -1.5
v -1.4 0.4 1.6
v -1.4 0.4 1.5
v -1.4 0.4 1.4
v -1.4 0.4 -1.4
v -1.4 0.4 -1.5
v -1.4 0.4 -1.6
v -1.4 0.5 1.6
v -1.4 0.5 1.5
v -1.4 0.5 1.4
v -1.4 0.5 -1.4
v -1.4 0.5 -1.5
v -1.4 0.5 -1.6
v -1.4 0.7 1.6
v -1.4 0.7 1.5
v -1.4 0.7 -1.5
v -1.4 0.7 -1.6
v -1.4 0.8 1.6
v -1.4 0.8 1.5
v -1.4 0.8 -1.5
v -1.4 0.8 -1.6
v -1.4 1 1.6
v -1.4 1 1.5
v -1.4 1 -1.5
v -1.4 1 -1.6
v -1.4 1.1 1.6
v -1.4 1.1 1.5
v -1.4 1.1 -1.5
v -1.4 1.1 -1.6
v -1.4 1.3 1.6
v -1.4 1.3 1.4
v -1.4 1.3 -1.4
v -1.4 1.3 -1.6
v -1.3 0.4 1.6
v -1.3 0.4 1.5
v -1.3 0.4 -1.5
v -1.3 0.4 -1.6
v -1.3 0.5 1.6
v -1.3 0.5 1.5
v -1.3 0.5 -1.5
v -1.3 0.5 -1.6
v -1.3 1 1.6
v -1.3 1 1.5
v -1.3 1.1 1.6
v -1.3 1.1 1.5
v -1.2 0.5 1.6
v -1.2 0.5 1.5
v -1.2 0.6 1.6
v -1.2 0.6 1.5
v -1.2 0.9 1.6
v -1.2 0.9 1.5
v -1.2 1 1.6
v -1.2 1 1.5
v -1.2 1 -1.5
v -1.2 1 -1.6
v -1.2 1.1 -1.5
v -1.2 1.1 -1.6
v -1.1 0.2 1.1
v -1.1 0.2 -0.2
v -1.1 0.2 -0.4
v -1.1 0.2 -1.2
v -1.1 0.3 1.1
v -1.1 0.3 -0.2
v -1.1 0.3 -0.3
v -1.1 0.3 -0.4
v -1.1 0.3 -1.2
v -1.1 0.4 -0.2
v -1.1 0.4 -0.3
v -1.1 0.5 -1.5
v -1.1 0.5 -1.6
v -1.1 0.6 1.6
v -1.1 0.6 1.5
v -1.1 0.6 -1.5
v -1.1 0.6 -1.6
v -1.1 0.7 1.6
v -1.1 0.7 1.5
v -1.1 0.7 -1.5
v -1.1 0.7 -1.6
v -1.1 0.8 1.6
v -1.1 0.8 1.5
v -1.1 0.8 -1.5
v -1.1 0.8 -1.6
v -1.1 0.9 1.6
v -1.1 0.9 1.5
v -1.1 0.9 -1.5
v -1.1 0.9 -1.6
v -1.1 1 -1.5
v -1.1 1 -1.6
v -1 0.1 0.9
v -1 0.1 0
v -1 0.2 0.9
v -1 0.2 0
v -0.9 0.1 -0.5
v -0.9 0.1 -0.9
v -0.9 0.2 -0.5
v -0.9 0.2 -0.9
v -0.9 0.6 -1.5
v -0.9 0.6 -1.6
v -0.9 0.7 1.6
v -0.9 0.7 1.5
v -0.9 0.7 -1.5
v -0.9 0.7 -1.6
v -0.9 0.8 1.6
v -0.9 0.8 1.5
v -0.8 0.1 0.7
v -0.8 0.1 0.6
v -0.8 0.2 0.7
v -0.8 0.2 0.6
v -0.6 0.1 0.4
v -0.6 0.1 0.3
v -0.6 0.1 -0.7
v -0.6 0.1 -0.8
v -0.6 0.2 0.4
v -0.6 0.2 0.3
v -0.6 0.2 -0.7
v -0.6 0.2 -0.8
v -0.2 0.8 1.6
v -0.2 0.8 1.5
v -0.2 0.9 1.6
v -0.2 0.9 1.5
v -0.1 0.3 0.1
v -0.1 0.3 -0.1
v -0.1 0.3 -0.3
v -0.1 0.3 -0.4
v -0.1 0.3 -0.9
v -0.1 0.3 -1
v -0.1 0.4 0.1
v -0.1 0.4 -0.1
v -0.1 0.4 -0.3
v -0.1 0.4 -0.4
v -0.1 0.4 -0.9
v -0.1 0.4 -1
v 0 0.2 0.2
v 0 0.2 -1
v 0 0.3 0.2
v 0 0.3 -1
v 0 0.4 0.8
v 0 0.4 0.6
v 0 0.5 0.8
v 0 0.5 0.6
v 0.1 0.3 0.9
v 0.1 0.3 0.6
v 0.1 0.4 0.9
v 0.1 0.4 0.6
v 0.2 0.1 0.2
v 0.2 0.1 -0.7
v 0.2 0.2 0.2
v 0.2 0.2 -0.7
v 0.2 0.3 0.4
v 0.2 0.3 0.3
v 0.2 0.4 0.5
v 0.2 0.4 0.4
v 0.2 0.4 0.3
v 0.2 0.5 0.5
v 0.2 0.5 0.4
v 0.3 0.3 0.6
v 0.3 0.3 0.4
v 0.3 0.4 0.6
v 0.3 0.4 0.4
v 0.3 0.5 1.6
v 0.3 0.5 1.5
v 0.3 0.6 1.6
v 0.3 0.6 1.5
v 0.3 0.8 -1.5
v 0.3 0.8 -1.6
v 0.3 0.9 -1.5
v 0.3 0.9 -1.6
v 0.5 0.3 1.2
v 0.5 0.3 1
v 0.5 0.4 1.2
v 0.5 0.4 1
v 0.5 0.9 1.6
v 0.5 0.9 1.5
v 0.5 1 1.6
v 0.5 1 1.5
v 0.6 0.1 0.1
v 0.6 0.1 0
v 0.6 0.2 0.1
v 0.6 0.2 0
v 0.6 0.3 -1.1
v 0.6 0.3 -1.2
v 0.6 0.4 -1.1
v 0.6 0.4 -1.2
v 0.6 0.5 -1.5
v 0.6 0.5 -1.6
v 0.6 0.6 -1.5
v 0.6 0.6 -1.6
v 0.7 0.2 1.1
v 0.7 0.2 0.7
v 0.7 0.3 1.1
v 0.7 0.3 0.7
v 0.7 0.3 0.6
v 0.7 0.3 0.5
v 0.7 0.4 0.6
v 0.7 0.4 0.5
v 0.7 0.9 -1.5
v 0.7 0.9 -1.6
v 0.7 1 -1.5
v 0.7 1 -1.6
v 0.8 0.1 1
v 0.8 0.1 0.8
v 0.8 0.2 1
v 0.8 0.2 0.8
v 0.8 0.3 -1.1
v 0.8 0.3 -1.2
v 0.8 0.4 -1.1
v 0.8 0.4 -1.2
v 1 1 1.6
v 1 1 1.5
v 1 1.1 1.6
v 1 1.1 1.5
v 1.1 0.3 0.5
v 1.1 0.3 0.4
v 1.1 0.3 -0.6
v 1.1 0.3 -0.7
v 1.1 0.4 0.5
v 1.1 0.4 0.4
v 1.1 0.4 -0.6
v 1.1 0.4 -0.7
v 1.2 0.3 0.4
v 1.2 0.3 0.1
v 1.2 0.3 -0.4
v 1.2 0.3 -0.6
v 1.2 0.3 -0.7
v 1.2 0.3 -0.8
v 1.2 0.4 0.4
v 1.2 0.4 0.1
v 1.2 0.4 -0.4
v 1.2 0.4 -0.6
v 1.2 0.4 -0.7
v 1.2 0.4 -0.8
v 1.3 0.2 1.3
v 1.3 0.2 -1.3
v 1.3 0.3 1.3
v 1.3 0.3 -1.3
v 1.5 0.1 1.4
v 1.5 0.1 -1.4
v 1.5 0.2 1.4
v 1.5 0.2 -1.4
v 1.6 0 1.6
v 1.6 0 1.4
v 1.6 0 -1.4
v 1.6 0 -1.6
v 1.6 0.1 1.4
v 1.6 0.1 -1.4
v 1.6 0.4 1.6
v 1.6 0.4 1.5
v 1.6 0.4 1.4
v 1.6 0.4 1.3
v 1.6 0.4 1.2
v 1.6 0.4 1.1
v 1.6 0.4 1
v 1.6 0.4 0.9
v 1.6 0.4 0.8
v 1.6 0.4 -0.7
v 1.6 0.4 -0.8
v 1.6 0.4 -0.9
v 1.6 0.4 -1
v 1.6 0.4 -1.1
v 1.6 0.4 -1.2
v 1.6 0.4 -1.3
v 1.6 0.4 -1.4
v 1.6 0.4 -1.5
v 1.6 0.4 -1.6
v 1.6 0.5 1.6
v 1.6 0.5 1.5
v 1.6 0.5 1.4
v 1.6 0.5 1.3
v 1.6 0.5 1.2
v 1.6 0.5 1.1
v 1.6 0.5 1
v 1.6 0.5 0.9
v 1.6 0.5 0.8
v 1.6 0.5 0.7
v 1.6 0.5 0.6
v 1.6 0.5 0.5
v 1.6 0.5 0.4
v 1.6 0.5 -0.4
v 1.6 0.5 -0.5
v 1.6 0.5 -0.6
v 1.6 0.5 -0.7
v 1.6 0.5 -0.8
v 1.6 0.5 -0.9
v 1.6 0.5 -1
v 1.6 0.5 -1.1
v 1.6 0.5 -1.2
v 1.6 0.5 -1.3
v 1.6 0.5 -1.4
v 1.6 0.5 -1.5
v 1.6 0.5 -1.6
v 1.6 0.6 0.9
v 1.6 0.6 0.8
v 1.6 0.6 0.7
v 1.6 0.6 0.6
v 1.6 0.6 0.5
v 1.6 0.6 0.4
v 1.6 0.6 0.3
v 1.6 0.6 0.2
v 1.6 0.6 0.1
v 1.6 0.6 0
v 1.6 0.6 -0.1
v 1.6 0.6 -0.2
v 1.6 0.6 -0.3
v 1.6 0.6 -0.4
v 1.6 0.6 -0.5
v 1.6 0.6 -0.6
v 1.6 0.6 -0.7
v 1.6 0.6 -0.8
v 1.6 0.7 0.5
v 1.6 0.7 0.4
v 1.6 0.7 0.3
v 1.6 0.7 0.2
v 1.6 0.7 0.1
v 1.6 0.7 0
v 1.6 0.7 -0.1
v 1.6 0.7 -0.2
v 1.6 0.7 -0.3
v 1.6 0.7 -0.4
v 1.6 0.8 0.1
v 1.6 0.8 0
v 1.6 0.8 -0.1
v 1.6 0.8 -0.2
v 1.6 0.9 0.7
v 1.6 0.9 0.6
v 1.6 0.9 0.5
v 1.6 0.9 0.4
v 1.6 0.9 0.3
v 1.6 0.9 0.2
v 1.6 0.9 0.1
v 1.6 0.9 0
v 1.6 0.9 -0.1
v 1.6 0.9 -0.2
v 1.6 0.9 -0.3
v 1.6 0.9 -0.4
v 1.6 0.9 -0.5
v 1.6 1 1
v 1.6 1 0.9
v 1.6 1 0.8
v 1.6 1 0.7
v 1.6 1 0.6
v 1.6 1 0.5
v 1.6 1 0.4
v 1.6 1 0.3
v 1.6 1 0.2
v 1.6 1 0.1
v 1.6 1 -0.2
v 1.6 1 -0.3
v 1.6 1 -0.4
v 1.6 1 -0.5
v 1.6 1 -0.6
v 1.6 1 -0.7
v 1.6 1 -0.8
v 1.6 1 -0.9
v 1.6 1 -1
v 1.6 1 -1.1
v 1.6 1 -1.2
v 1.6 1 -1.3
v 1.6 1 -1.4
v 1.6 1 -1.5
v 1.6 1 -1.6
v 1.6 1.1 1.6
v 1.6 1.1 1.5
v 1.6 1.1 1.4
v 1.6 1.1 1.3
v 1.6 1.1 1.2
v 1.6 1.1 1.1
v 1.6 1.1 1
v 1.6 1.1 0.9
v 1.6 1.1 0.8
v 1.6 1.1 0.7
v 1.6 1.1 0.6
v 1.6 1.1 -0.5
v 1.6 1.1 -0.6
v 1.6 1.1 -0.7
v 1.6 1.1 -0.8
v 1.6 1.1 -0.9
v 1.6 1.1 -1
v 1.6 1.1 -1.1
v 1.6 1.1 -1.2
v 1.6 1.1 -1.3
v 1.6 1.1 -1.4
v 1.6 1.1 -1.5
v 1.6 1.1 -1.6
v 1.6 1.2 1.6
v 1.6 1.2 1.5
v 1.6 1.2 1.4
v 1.6 1.2 1.3
v 1.6 1.2 1.2
v 1.6 1.2 1.1
v 1.6 1.2 1
v 1.6 1.2 0.9
v 1.6 1.3 1.6
v 1.6 1.3 1.4
v 1.6 1.3 -1.4
v 1.6 1.3 -1.6
v -1.6 0 1.6
v -1.6 0.4 1.6
v -1.6 0.5 1.6
v -1.6 1 1.6
v -1.6 1.1 1.6
v -1.6 1.3 1.6
v -1.5 0.4 1.6
v -1.5 0.5 1.6
v -1.5 1 1.6
v -1.5 1.1 1.6
v -1.4 0 1.6
v -1.4 0.1 1.6
v -1.4 0.4 1.6
v -1.4 0.5 1.6
v -1.4 0.7 1.6
v -1.4 0.8 1.6
v -1.4 1 1.6
v -1.4 1.1 1.6
v -1.4 1.3 1.6
v -1.3 0.4 1.6
v -1.3 0.5 1.6
v -1.3 0.6 1.6
v -1.3 0.7 1.6
v -1.3 0.8 1.6
v -1.3 0.9 1.6
v -1.3 1 1.6
v -1.3 1.1 1.6
v -1.2 0.5 1.6
v -1.2 0.6 1.6
v -1.2 0.7 1.6
v -1.2 0.8 1.6
v -1.2 0.9 1.6
v -1.2 1 1.6
v -1.1 0.5 1.6
v -1.1 0.6 1.6
v -1.1 0.7 1.6
v -1.1 0.8 1.6
v -1.1 0.9 1.6
v -1 0.5 1.6
v -1 0.6 1.6
v -1 0.7 1.6
v -1 0.8 1.6
v -1 0.9 1.6
v -0.9 0.5 1.6
v -0.9 0.6 1.6
v -0.9 0.7 1.6
v -0.9 0.8 1.6
v -0.9 0.9 1.6
v -0.8 0.5 1.6
v -0.8 0.6 1.6
v -0.8 0.8 1.6
v -0.8 0.9 1.6
v -0.7 0.5 1.6
v -0.7 0.6 1.6
v -0.7 0.8 1.6
v -0.7 0.9 1.6
v -0.6 0.5 1.6
v -0.6 0.6 1.6
v -0.6 0.8 1.6
v -0.6 0.9 1.6
v -0.5 0.5 1.6
v -0.5 0.6 1.6
v -0.5 0.8 1.6
v -0.5 0.9 1.6
v -0.4 0.5 1.6
v -0.4 0.6 1.6
v -0.4 0.8 1.6
v -0.4 0.9 1.6
v -0.3 0.5 1.6
v -0.3 0.6 1.6
v -0.3 0.8 1.6
v -0.3 0.9 1.6
v -0.3 1 1.6
v -0.2 0.5 1.6
v -0.2 0.6 1.6
v -0.2 0.8 1.6
v -0.2 0.9 1.6
v -0.2 1 1.6
v -0.1 0.5 1.6
v -0.1 0.6 1.6
v -0.1 0.9 1.6
v -0.1 1 1.6
v 0 0.5 1.6
v 0 0.6 1.6
v 0 0.9 1.6
v 0 1 1.6
v 0.1 0.5 1.6
v 0.1 0.6 1.6
v 0.1 0.9 1.6
v 0.1 1 1.6
v 0.2 0.4 1.6
v 0.2 0.5 1.6
v 0.2 0.6 1.6
v 0.2 0.9 1.6
v 0.2 1 1.6
v 0.3 0.4 1.6
v 0.3 0.5 1.6
v 0.3 0.6 1.6
v 0.3 0.9 1.6
v 0.3 1 1.6
v 0.4 0.4 1.6
v 0.4 0.5 1.6
v 0.4 0.9 1.6
v 0.4 1 1.6
v 0.4 1.1 1.6
v 0.5 0.4 1.6
v 0.5 0.5 1.6
v 0.5 0.9 1.6
v 0.5 1 1.6
v 0.5 1.1 1.6
v 0.6 0.4 1.6
v 0.6 0.5 1.6
v 0.6 1 1.6
v 0.6 1.1 1.6
v 0.7 0.4 1.6
v 0.7 0.5 1.6
v 0.7 1 1.6
v 0.7 1.1 1.6
v 0.8 0.4 1.6
v 0.8 0.5 1.6
v 0.8 1 1.6
v 0.8 1.1 1.6
v 0.9 0.4 1.6
v 0.9 0.5 1.6
v 0.9 1 1.6
v 0.9 1.1 1.6
v 0.9 1.2 1.6
v 1 0.4 1.6
v 1 0.5 1.6
v 1 1 1.6
v 1 1.1 1.6
v 1 1.2 1.6
v 1.1 0.4 1.6
v 1.1 0.5 1.6
v 1.1 1.1 1.6
v 1.1 1.2 1.6
v 1.2 0.4 1.6
v 1.2 0.5 1.6
v 1.2 1.1 1.6
v 1.2 1.2 1.6
v 1.3 0.4 1.6
v 1.3 0.5 1.6
v 1.3 1.1 1.6
v 1.3 1.2 1.6
v 1.4 0 1.6
v 1.4 0.1 1.6
v 1.4 0.4 1.6
v 1.4 0.5 1.6
v 1.4 1.1 1.6
v 1.4 1.2 1.6
v 1.4 1.3 1.6
v 1.5 0.4 1.6
v 1.5 0.5 1.6
v 1.5 1.1 1.6
v 1.5 1.2 1.6
v 1.6 0 1.6
v 1.6 0.4 1.6
v 1.6 0.5 1.6
v 1.6 1.1 1.6
v 1.6 1.2 1.6
v 1.6 1.3 1.6
v -1.4 0.1 1.5
v -1.4 0.2 1.5
v 1.4 0.1 1.5
v 1.4 0.2 1.5
v -1.3 0.2 1.3
v -1.3 0.3 1.3
v 1.3 0.2 1.3
v 1.3 0.3 1.3
v 0.3 0.3 1.2
v 0.3 0.4 1.2
v 0.5 0.3 1.2
v 0.5 0.4 1.2
v -1.6 0.9 1
v -1.6 1 1
v -1.5 0.9 1
v -1.5 1 1
v 1.5 1 1
v 1.5 1.1 1
v 1.6 1 1
v 1.6 1.1 1
v -1.6 0.5 0.9
v -1.6 0.6 0.9
v -1.5 0.5 0.9
v -1.5 0.6 0.9
v -0.1 0.3 0.9
v -0.1 0.4 0.9
v 0.1 0.3 0.9
v 0.1 0.4 0.9
v 1.5 0.5 0.9
v 1.5 0.6 0.9
v 1.6 0.5 0.9
v 1.6 0.6 0.9
v -0.2 0.3 0.8
v -0.2 0.4 0.8
v -0.1 0.3 0.8
v -0.1 0.4 0.8
v -0.1 0.5 0.8
v 0 0.4 0.8
v 0 0.5 0.8
v 0.8 0.1 0.8
v 0.8 0.2 0.8
v 1 0.1 0.8
v 1 0.2 0.8
v -0.9 0.1 0.7
v -0.9 0.2 0.7
v -0.8 0.1 0.7
v -0.8 0.2 0.7
v 0.7 0.2 0.7
v 0.7 0.3 0.7
v 1.1 0.2 0.7
v 1.1 0.3 0.7
v 1.5 0.9 0.7
v 1.5 1 0.7
v 1.6 0.9 0.7
v 1.6 1 0.7
v 0.1 0.3 0.6
v 0.1 0.4 0.6
v 0.3 0.3 0.6
v 0.3 0.4 0.6
v 0.6 0.3 0.6
v 0.6 0.4 0.6
v 0.7 0.3 0.6
v 0.7 0.4 0.6
v 0.1 0.4 0.5
v 0.1 0.5 0.5
v 0.2 0.4 0.5
v 0.2 0.5 0.5
v 1 0.3 0.5
v 1 0.4 0.5
v 1.1 0.3 0.5
v 1.1 0.4 0.5
v 1.5 0.6 0.5
v 1.5 0.7 0.5
v 1.6 0.6 0.5
v 1.6 0.7 0.5
v -0.7 0.1 0.4
v -0.7 0.2 0.4
v -0.6 0.1 0.4
v -0.6 0.2 0.4
v 1.1 0.3 0.4
v 1.1 0.4 0.4
v 1.2 0.3 0.4
v 1.2 0.4 0.4
v -1.6 0.6 0.3
v -1.6 0.7 0.3
v -1.5 0.6 0.3
v -1.5 0.7 0.3
v -1.6 0.8 0.2
v -1.6 0.9 0.2
v -1.5 0.8 0.2
v -1.5 0.9 0.2
v -0.2 0.3 0.1
v -0.2 0.4 0.1
v -0.1 0.3 0.1
v -0.1 0.4 0.1
v 0.5 0.1 0.1
v 0.5 0.2 0.1
v 0.6 0.1 0.1
v 0.6 0.2 0.1
v 1.5 0.8 0.1
v 1.5 0.9 0.1
v 1.6 0.8 0.1
v 1.6 0.9 0.1
v -1.6 0.7 0
v -1.6 0.8 0
v -1.5 0.7 0
v -1.5 0.8 0
v -1 0.1 0
v -1 0.2 0
v -0.4 0.1 0
v -0.4 0.2 0
v 1.5 0.7 0
v 1.5 0.8 0
v 1.6 0.7 0
v 1.6 0.8 0
v -1.6 0.6 -0.1
v -1.6 0.7 -0.1
v -1.6 0.8 -0.1
v -1.6 0.9 -0.1
v -1.5 0.6 -0.1
v -1.5 0.7 -0.1
v -1.5 0.8 -0.1
v -1.5 0.9 -0.1
v 1.5 0.6 -0.1
v 1.5 0.7 -0.1
v 1.5 0.8 -0.1
v 1.5 0.9 -0.1
v 1.6 0.6 -0.1
v 1.6 0.7 -0.1
v 1.6 0.8 -0.1
v 1.6 0.9 -0.1
v -1.6 0.9 -0.2
v -1.6 1 -0.2
v -1.5 0.9 -0.2
v -1.5 1 -0.2
v -1.3 0.3 -0.2
v -1.3 0.4 -0.2
v -1.1 0.2 -0.2
v -1.1 0.3 -0.2
v -1.1 0.4 -0.2
v -0.3 0.2 -0.2
v -0.3 0.3 -0.2
v 0.8 0.1 -0.2
v 0.8 0.2 -0.2
v 0.9 0.1 -0.2
v 0.9 0.2 -0.2
v 1.5 0.9 -0.2
v 1.5 1 -0.2
v 1.6 0.9 -0.2
v 1.6 1 -0.2
v -0.2 0.3 -0.3
v -0.2 0.4 -0.3
v -0.1 0.3 -0.3
v -0.1 0.4 -0.3
v -1.6 0.5 -0.4
v -1.6 0.6 -0.4
v -1.5 0.5 -0.4
v -1.5 0.6 -0.4
v 1.1 0.3 -0.4
v 1.1 0.4 -0.4
v 1.2 0.3 -0.4
v 1.2 0.4 -0.4
v 1.5 0.5 -0.4
v 1.5 0.6 -0.4
v 1.6 0.5 -0.4
v 1.6 0.6 -0.4
v 1.5 1 -0.5
v 1.5 1.1 -0.5
v 1.6 1 -0.5
v 1.6 1.1 -0.5
v 1 0.3 -0.6
v 1 0.4 -0.6
v 1.1 0.3 -0.6
v 1.1 0.4 -0.6
v -0.7 0.1 -0.7
v -0.7 0.2 -0.7
v -0.6 0.1 -0.7
v -0.6 0.2 -0.7
v 0.2 0.1 -0.7
v 0.2 0.2 -0.7
v 0.9 0.1 -0.7
v 0.9 0.2 -0.7
v 1.1 0.3 -0.7
v 1.1 0.4 -0.7
v 1.2 0.3 -0.7
v 1.2 0.4 -0.7
v 1.5 0.4 -0.7
v 1.5 0.5 -0.7
v 1.6 0.4 -0.7
v 1.6 0.5 -0.7
v -1.6 0.4 -0.8
v -1.6 0.5 -0.8
v -1.6 1 -0.8
v -1.6 1.1 -0.8
v -1.5 0.4 -0.8
v -1.5 0.5 -0.8
v -1.5 1 -0.8
v -1.5 1.1 -0.8
v -0.9 0.1 -0.9
v -0.9 0.2 -0.9
v -0.4 0.1 -0.9
v -0.4 0.2 -0.9
v -0.2 0.3 -0.9
v -0.2 0.4 -0.9
v -0.1 0.3 -0.9
v -0.1 0.4 -0.9
v 0 0.2 -1
v 0 0.3 -1
v 0.9 0.2 -1
v 0.9 0.3 -1
v 0.2 0.3 -1.1
v 0.2 0.4 -1.1
v 0.6 0.3 -1.1
v 0.6 0.4 -1.1
v 0.7 0.3 -1.1
v 0.7 0.4 -1.1
v 0.8 0.3 -1.1
v 0.8 0.4 -1.1
v -1.1 0.2 -1.2
v -1.1 0.3 -1.2
v -0.3 0.2 -1.2
v -0.3 0.3 -1.2
v -1.6 0.1 -1.4
v -1.6 0.4 -1.4
v -1.6 0.5 -1.4
v -1.6 1 -1.4
v -1.6 1.1 -1.4
v -1.6 1.3 -1.4
v -1.5 0.1 -1.4
v -1.5 0.2 -1.4
v -1.5 0.4 -1.4
v -1.5 0.5 -1.4
v -1.5 1 -1.4
v -1.5 1.1 -1.4
v -1.4 0.2 -1.4
v -1.4 0.4 -1.4
v -1.4 0.5 -1.4
v -1.4 1.3 -1.4
v 1.4 0.2 -1.4
v 1.4 1.3 -1.4
v 1.5 0.1 -1.4
v 1.5 0.2 -1.4
v 1.5 0.4 -1.4
v 1.5 0.5 -1.4
v 1.5 1 -1.4
v 1.5 1.1 -1.4
v 1.6 0.1 -1.4
v 1.6 0.4 -1.4
v 1.6 0.5 -1.4
v 1.6 1 -1.4
v 1.6 1.1 -1.4
v 1.6 1.3 -1.4
v -1.4 0.4 -1.5
v -1.4 0.5 -1.5
v -1.4 0.7 -1.5
v -1.4 0.8 -1.5
v -1.4 1 -1.5
v -1.4 1.1 -1.5
v -1.3 0.4 -1.5
v -1.3 0.5 -1.5
v -1.3 0.6 -1.5
v -1.3 0.7 -1.5
v -1.3 0.8 -1.5
v -1.3 1 -1.5
v -1.3 1.1 -1.5
v -1.2 0.5 -1.5
v -1.2 0.6 -1.5
v -1.2 0.7 -1.5
v -1.2 0.8 -1.5
v -1.2 0.9 -1.5
v -1.2 1 -1.5
v -1.2 1.1 -1.5
v -1.1 0.5 -1.5
v -1.1 0.6 -1.5
v -1.1 0.7 -1.5
v -1.1 0.8 -1.5
v -1.1 0.9 -1.5
v -1.1 1 -1.5
v -1 0.5 -1.5
v -1 0.6 -1.5
v -1 0.7 -1.5
v -1 0.8 -1.5
v -1 0.9 -1.5
v -0.9 0.5 -1.5
v -0.9 0.6 -1.5
v -0.9 0.7 -1.5
v -0.9 0.8 -1.5
v -0.9 0.9 -1.5
v -0.8 0.5 -1.5
v -0.8 0.6 -1.5
v -0.8 0.8 -1.5
v -0.8 0.9 -1.5
v -0.7 0.5 -1.5
v -0.7 0.6 -1.5
v -0.7 0.8 -1.5
v -0.7 0.9 -1.5
v -0.6 0.5 -1.5
v -0.6 0.6 -1.5
v -0.6 0.8 -1.5
v -0.6 0.9 -1.5
v -0.5 0.5 -1.5
v -0.5 0.6 -1.5
v -0.5 0.8 -1.5
v -0.5 0.9 -1.5
v -0.4 0.5 -1.5
v -0.4 0.6 -1.5
v -0.4 0.8 -1.5
v -0.4 0.9 -1.5
v -0.3 0.5 -1.5
v -0.3 0.6 -1.5
v -0.3 0.8 -1.5
v -0.3 0.9 -1.5
v -0.2 0.5 -1.5
v -0.2 0.6 -1.5
v -0.2 0.8 -1.5
v -0.2 0.9 -1.5
v -0.1 0.5 -1.5
v -0.1 0.6 -1.5
v -0.1 0.8 -1.5
v -0.1 0.9 -1.5
v 0 0.5 -1.5
v 0 0.6 -1.5
v 0 0.8 -1.5
v 0 0.9 -1.5
v 0.1 0.5 -1.5
v 0.1 0.6 -1.5
v 0.1 0.8 -1.5
v 0.1 0.9 -1.5
v 0.2 0.5 -1.5
v 0.2 0.6 -1.5
v 0.2 0.8 -1.5
v 0.2 0.9 -1.5
v 0.2 1 -1.5
v 0.3 0.5 -1.5
v 0.3 0.6 -1.5
v 0.3 0.8 -1.5
v 0.3 0.9 -1.5
v 0.3 1 -1.5
v 0.4 0.5 -1.5
v 0.4 0.6 -1.5
v 0.4 0.9 -1.5
v 0.4 1 -1.5
v 0.5 0.4 -1.5
v 0.5 0.5 -1.5
v 0.5 0.6 -1.5
v 0.5 0.9 -1.5
v 0.5 1 -1.5
v 0.6 0.4 -1.5
v 0.6 0.5 -1.5
v 0.6 0.6 -1.5
v 0.6 0.9 -1.5
v 0.6 1 -1.5
v 0.6 1.1 -1.5
v 0.7 0.4 -1.5
v 0.7 0.5 -1.5
v 0.7 0.9 -1.5
v 0.7 1 -1.5
v 0.7 1.1 -1.5
v 0.8 0.4 -1.5
v 0.8 0.5 -1.5
v 0.8 1 -1.5
v 0.8 1.1 -1.5
v 0.9 0.4 -1.5
v 0.9 0.5 -1.5
v 0.9 1 -1.5
v 0.9 1.1 -1.5
v 1 0.4 -1.5
v 1 0.5 -1.5
v 1 1 -1.5
v 1 1.1 -1.5
v 1.1 0.4 -1.5
v 1.1 0.5 -1.5
v 1.1 1 -1.5
v 1.1 1.1 -1.5
v 1.2 0.4 -1.5
v 1.2 0.5 -1.5
v 1.2 1 -1.5
v 1.2 1.1 -1.5
v 1.3 0.4 -1.5
v 1.3 0.5 -1.5
v 1.3 1 -1.5
v 1.3 1.1 -1.5
v 1.4 0.4 -1.5
v 1.4 0.5 -1.5
v 1.4 1 -1.5
v 1.4 1.1 -1.5
v -1.4 0.4 1.5
v -1.4 0.5 1.5
v -1.4 0.7 1.5
v -1.4 0.8 1.5
v -1.4 1 1.5
v -1.4 1.1 1.5
v -1.3 0.4 1.5
v -1.3 0.5 1.5
v -1.3 0.6 1.5
v -1.3 0.7 1.5
v -1.3 0.8 1.5
v -1.3 0.9 1.5
v -1.3 1 1.5
v -1.3 1.1 1.5
v -1.2 0.5 1.5
v -1.2 0.6 1.5
v -1.2 0.7 1.5
v -1.2 0.8 1.5
v -1.2 0.9 1.5
v -1.2 1 1.5
v -1.1 0.5 1.5
v -1.1 0.6 1.5
v -1.1 0.7 1.5
v -1.1 0.8 1.5
v -1.1 0.9 1.5
v -1 0.5 1.5
v -1 0.6 1.5
v -1 0.7 1.5
v -1 0.8 1.5
v -1 0.9 1.5
v -0.9 0.5 1.5
v -0.9 0.6 1.5
v -0.9 0.7 1.5
v -0.9 0.8 1.5
v -0.9 0.9 1.5
v -0.8 0.5 1.5
v -0.8 0.6 1.5
v -0.8 0.8 1.5
v -0.8 0.9 1.5
v -0.7 0.5 1.5
v -0.7 0.6 1.5
v -0.7 0.8 1.5
v -0.7 0.9 1.5
v -0.6 0.5 1.5
v -0.6 0.6 1.5
v -0.6 0.8 1.5
v -0.6 0.9 1.5
v -0.5 0.5 1.5
v -0.5 0.6 1.5
v -0.5 0.8 1.5
v -0.5 0.9 1.5
v -0.4 0.5 1.5
v -0.4 0.6 1.5
v -0.4 0.8 1.5
v -0.4 0.9 1.5
v -0.3 0.5 1.5
v -0.3 0.6 1.5
v -0.3 0.8 1.5
v -0.3 0.9 1.5
v -0.3 1 1.5
v -0.2 0.5 1.5
v -0.2 0.6 1.5
v -0.2 0.8 1.5
v -0.2 0.9 1.5
v -0.2 1 1.5
v -0.1 0.5 1.5
v -0.1 0.6 1.5
v -0.1 0.9 1.5
v -0.1 1 1.5
v 0 0.5 1.5
v 0 0.6 1.5
v 0 0.9 1.5
v 0 1 1.5
v 0.1 0.5 1.5
v 0.1 0.6 1.5
v 0.1 0.9 1.5
v 0.1 1 1.5
v 0.2 0.4 1.5
v 0.2 0.5 1.5
v 0.2 0.6 1.5
v 0.2 0.9 1.5
v 0.2 1 1.5
v 0.3 0.4 1.5
v 0.3 0.5 1.5
v 0.3 0.6 1.5
v 0.3 0.9 1.5
v 0.3 1 1.5
v 0.4 0.4 1.5
v 0.4 0.5 1.5
v 0.4 0.9 1.5
v 0.4 1 1.5
v 0.4 1.1 1.5
v 0.5 0.4 1.5
v 0.5 0.5 1.5
v 0.5 0.9 1.5
v 0.5 1 1.5
v 0.5 1.1 1.5
v 0.6 0.4 1.5
v 0.6 0.5 1.5
v 0.6 1 1.5
v 0.6 1.1 1.5
v 0.7 0.4 1.5
v 0.7 0.5 1.5
v 0.7 1 1.5
v 0.7 1.1 1.5
v 0.8 0.4 1.5
v 0.8 0.5 1.5
v 0.8 1 1.5
v 0.8 1.1 1.5
v 0.9 0.4 1.5
v 0.9 0.5 1.5
v 0.9 1 1.5
v 0.9 1.1 1.5
v 0.9 1.2 1.5
v 1 0.4 1.5
v 1 0.5 1.5
v 1 1 1.5
v 1 1.1 1.5
v 1 1.2 1.5
v 1.1 0.4 1.5
v 1.1 0.5 1.5
v 1.1 1.1 1.5
v 1.1 1.2 1.5
v 1.2 0.4 1.5
v 1.2 0.5 1.5
v 1.2 1.1 1.5
v 1.2 1.2 1.5
v 1.3 0.4 1.5
v 1.3 0.5 1.5
v 1.3 1.1 1.5
v 1.3 1.2 1.5
v 1.4 0.4 1.5
v 1.4 0.5 1.5
v 1.4 1.1 1.5
v 1.4 1.2 1.5
v -1.6 0.1 1.4
v -1.6 0.4 1.4
v -1.6 0.5 1.4
v -1.6 1 1.4
v -1.6 1.1 1.4
v -1.6 1.3 1.4
v -1.5 0.1 1.4
v -1.5 0.2 1.4
v -1.5 0.4 1.4
v -1.5 0.5 1.4
v -1.5 1 1.4
v -1.5 1.1 1.4
v -1.4 0.2 1.4
v -1.4 0.4 1.4
v -1.4 0.5 1.4
v -1.4 1.3 1.4
v 1.4 0.2 1.4
v 1.4 1.3 1.4
v 1.5 0.1 1.4
v 1.5 0.2 1.4
v 1.5 0.4 1.4
v 1.5 0.5 1.4
v 1.5 1.1 1.4
v 1.5 1.2 1.4
v 1.6 0.1 1.4
v 1.6 0.4 1.4
v 1.6 0.5 1.4
v 1.6 1.1 1.4
v 1.6 1.2 1.4
v 1.6 1.3 1.4
v -1.1 0.2 1.1
v -1.1 0.3 1.1
v -0.3 0.2 1.1
v -0.3 0.3 1.1
v 0.3 0.3 1.1
v 0.3 0.4 1.1
v 0.4 0.3 1.1
v 0.4 0.4 1.1
v 0.7 0.2 1.1
v 0.7 0.3 1.1
v 1.1 0.2 1.1
v 1.1 0.3 1.1
v 0.4 0.3 1
v 0.4 0.4 1
v 0.5 0.3 1
v 0.5 0.4 1
v 0.8 0.1 1
v 0.8 0.2 1
v 1 0.1 1
v 1 0.2 1
v -1.6 1 0.9
v -1.6 1.1 0.9
v -1.5 1 0.9
v -1.5 1.1 0.9
v -1 0.1 0.9
v -1 0.2 0.9
v -0.4 0.1 0.9
v -0.4 0.2 0.9
v 1.5 1.1 0.9
v 1.5 1.2 0.9
v 1.6 1.1 0.9
v 1.6 1.2 0.9
v -1.6 0.4 0.8
v -1.6 0.5 0.8
v -1.5 0.4 0.8
v -1.5 0.5 0.8
v 1.5 0.4 0.8
v 1.5 0.5 0.8
v 1.6 0.4 0.8
v 1.6 0.5 0.8
v -0.9 0.1 0.6
v -0.9 0.2 0.6
v -0.8 0.1 0.6
v -0.8 0.2 0.6
v -0.2 0.3 0.6
v -0.2 0.4 0.6
v -0.1 0.3 0.6
v -0.1 0.4 0.6
v -0.1 0.5 0.6
v 0 0.4 0.6
v 0 0.5 0.6
v 1.5 1 0.6
v 1.5 1.1 0.6
v 1.6 1 0.6
v 1.6 1.1 0.6
v -0.1 0.3 0.5
v -0.1 0.4 0.5
v 0 0.3 0.5
v 0 0.4 0.5
v 0.6 0.3 0.5
v 0.6 0.4 0.5
v 0.7 0.3 0.5
v 0.7 0.4 0.5
v 0 0.3 0.4
v 0 0.4 0.4
v 0.1 0.3 0.4
v 0.1 0.4 0.4
v 0.1 0.5 0.4
v 0.2 0.3 0.4
v 0.2 0.4 0.4
v 0.2 0.5 0.4
v 0.3 0.3 0.4
v 0.3 0.4 0.4
v 1 0.3 0.4
v 1 0.4 0.4
v 1.1 0.3 0.4
v 1.1 0.4 0.4
v 1.5 0.5 0.4
v 1.5 0.6 0.4
v 1.6 0.5 0.4
v 1.6 0.6 0.4
v -0.7 0.1 0.3
v -0.7 0.2 0.3
v -0.6 0.1 0.3
v -0.6 0.2 0.3
v 0.1 0.3 0.3
v 0.1 0.4 0.3
v 0.2 0.3 0.3
v 0.2 0.4 0.3
v -1.6 0.5 0.2
v -1.6 0.6 0.2
v -1.5 0.5 0.2
v -1.5 0.6 0.2
v 0 0.2 0.2
v 0 0.3 0.2
v 0.2 0.1 0.2
v 0.2 0.2 0.2
v 0.9 0.1 0.2
v 0.9 0.3 0.2
v -1.6 0.9 0.1
v -1.6 1 0.1
v -1.5 0.9 0.1
v -1.5 1 0.1
v 1.1 0.3 0.1
v 1.1 0.4 0.1
v 1.2 0.3 0.1
v 1.2 0.4 0.1
v 1.5 0.9 0.1
v 1.5 1 0.1
v 1.6 0.9 0.1
v 1.6 1 0.1
v -1.6 0.6 0
v -1.6 0.7 0
v -1.6 0.8 0
v -1.6 0.9 0
v -1.5 0.6 0
v -1.5 0.7 0
v -1.5 0.8 0
v -1.5 0.9 0
v 0.5 0.1 0
v 0.5 0.2 0
v 0.6 0.1 0
v 0.6 0.2 0
v 1.5 0.6 0
v 1.5 0.7 0
v 1.5 0.8 0
v 1.5 0.9 0
v 1.6 0.6 0
v 1.6 0.7 0
v 1.6 0.8 0
v 1.6 0.9 0
v -1.6 0.7 -0.1
v -1.6 0.8 -0.1
v -1.5 0.7 -0.1
v -1.5 0.8 -0.1
v -0.2 0.3 -0.1
v -0.2 0.4 -0.1
v -0.1 0.3 -0.1
v -0.1 0.4 -0.1
v 1.5 0.7 -0.1
v 1.5 0.8 -0.1
v 1.6 0.7 -0.1
v 1.6 0.8 -0.1
v -1.6 0.8 -0.2
v -1.6 0.9 -0.2
v -1.5 0.8 -0.2
v -1.5 0.9 -0.2
v 1.5 0.8 -0.2
v 1.5 0.9 -0.2
v 1.6 0.8 -0.2
v 1.6 0.9 -0.2
v -1.3 0.3 -0.3
v -1.3 0.4 -0.3
v -1.1 0.3 -0.3
v -1.1 0.4 -0.3
v 0.8 0.1 -0.3
v 0.8 0.2 -0.3
v 0.9 0.1 -0.3
v 0.9 0.2 -0.3
v -1.1 0.2 -0.4
v -1.1 0.3 -0.4
v -0.3 0.2 -0.4
v -0.3 0.3 -0.4
v -0.2 0.3 -0.4
v -0.2 0.4 -0.4
v -0.1 0.3 -0.4
v -0.1 0.4 -0.4
v 1.5 0.6 -0.4
v 1.5 0.7 -0.4
v 1.6 0.6 -0.4
v 1.6 0.7 -0.4
v -1.6 0.6 -0.5
v -1.6 0.7 -0.5
v -1.5 0.6 -0.5
v -1.5 0.7 -0.5
v -0.9 0.1 -0.5
v -0.9 0.2 -0.5
v -0.4 0.1 -0.5
v -0.4 0.2 -0.5
v 1.5 0.9 -0.5
v 1.5 1 -0.5
v 1.6 0.9 -0.5
v 1.6 1 -0.5
v 1.1 0.3 -0.6
v 1.1 0.4 -0.6
v 1.2 0.3 -0.6
v 1.2 0.4 -0.6
v 1 0.3 -0.7
v 1 0.4 -0.7
v 1.1 0.3 -0.7
v 1.1 0.4 -0.7
v -0.7 0.1 -0.8
v -0.7 0.2 -0.8
v -0.6 0.1 -0.8
v -0.6 0.2 -0.8
v 1.1 0.3 -0.8
v 1.1 0.4 -0.8
v 1.2 0.3 -0.8
v 1.2 0.4 -0.8
v 1.5 0.5 -0.8
v 1.5 0.6 -0.8
v 1.6 0.5 -0.8
v 1.6 0.6 -0.8
v -1.6 0.5 -0.9
v -1.6 0.6 -0.9
v -1.6 0.9 -0.9
v -1.6 1 -0.9
v -1.5 0.5 -0.9
v -1.5 0.6 -0.9
v -1.5 0.9 -0.9
v -1.5 1 -0.9
v -0.2 0.3 -1
v -0.2 0.4 -1
v -0.1 0.3 -1
v -0.1 0.4 -1
v 0.2 0.3 -1.2
v 0.2 0.4 -1.2
v 0.6 0.3 -1.2
v 0.6 0.4 -1.2
v 0.7 0.3 -1.2
v 0.7 0.4 -1.2
v 0.8 0.3 -1.2
v 0.8 0.4 -1.2
v -1.3 0.2 -1.3
v -1.3 0.3 -1.3
v 1.3 0.2 -1.3
v 1.3 0.3 -1.3
v -1.4 0.1 -1.5
v -1.4 0.2 -1.5
v 1.4 0.1 -1.5
v 1.4 0.2 -1.5
v -1.6 0 -1.6
v -1.6 0.4 -1.6
v -1.6 0.5 -1.6
v -1.6 1 -1.6
v -1.6 1.1 -1.6
v -1.6 1.3 -1.6
v -1.5 0.4 -1.6
v -1.5 0.5 -1.6
v -1.5 1 -1.6
v -1.5 1.1 -1.6
v -1.4 0 -1.6
v -1.4 0.1 -1.6
v -1.4 0.4 -1.6
v -1.4 0.5 -1.6
v -1.4 0.7 -1.6
v -1.4 0.8 -1.6
v -1.4 1 -1.6
v -1.4 1.1 -1.6
v -1.4 1.3 -1.6
v -1.3 0.4 -1.6
v -1.3 0.5 -1.6
v -1.3 0.6 -1.6
v -1.3 0.7 -1.6
v -1.3 0.8 -1.6
v -1.3 1 -1.6
v -1.3 1.1 -1.6
v -1.2 0.5 -1.6
v -1.2 0.6 -1.6
v -1.2 0.7 -1.6
v -1.2 0.8 -1.6
v -1.2 0.9 -1.6
v -1.2 1 -1.6
v -1.2 1.1 -1.6
v -1.1 0.5 -1.6
v -1.1 0.6 -1.6
v -1.1 0.7 -1.6
v -1.1 0.8 -1.6
v -1.1 0.9 -1.6
v -1.1 1 -1.6
v -1 0.5 -1.6
v -1 0.6 -1.6
v -1 0.7 -1.6
v -1 0.8 -1.6
v -1 0.9 -1.6
v -0.9 0.5 -1.6
v -0.9 0.6 -1.6
v -0.9 0.7 -1.6
v -0.9 0.8 -1.6
v -0.9 0.9 -1.6
v -0.8 0.5 -1.6
v -0.8 0.6 -1.6
v -0.8 0.8 -1.6
v -0.8 0.9 -1.6
v -0.7 0.5 -1.6
v -0.7 0.6 -1.6
v -0.7 0.8 -1.6
v -0.7 0.9 -1.6
v -0.6 0.5 -1.6
v -0.6 0.6 -1.6
v -0.6 0.8 -1.6
v -0.6 0.9 -1.6
v -0.5 0.5 -1.6
v -0.5 0.6 -1.6
v -0.5 0.8 -1.6
v -0.5 0.9 -1.6
v -0.4 0.5 -1.6
v -0.4 0.6 -1.6
v -0.4 0.8 -1.6
v -0.4 0.9 -1.6
v -0.3 0.5 -1.6
v -0.3 0.6 -1.6
v -0.3 0.8 -1.6
v -0.3 0.9 -1.6
v -0.2 0.5 -1.6
v -0.2 0.6 -1.6
v -0.2 0.8 -1.6
v -0.2 0.9 -1.6
v -0.1 0.5 -1.6
v -0.1 0.6 -1.6
v -0.1 0.8 -1.6
v -0.1 0.9 -1.6
v 0 0.5 -1.6
v 0 0.6 -1.6
v 0 0.8 -1.6
v 0 0.9 -1.6
v 0.1 0.5 -1.6
v 0.1 0.6 -1.6
v 0.1 0.8 -1.6
v 0.1 0.9 -1.6
v 0.2 0.5 -1.6
v 0.2 0.6 -1.6
v 0.2 0.8 -1.6
v 0.2 0.9 -1.6
v 0.2 1 -1.6
v 0.3 0.5 -1.6
v 0.3 0.6 -1.6
v 0.3 0.8 -1.6
v 0.3 0.9 -1.6
v 0.3 1 -1.6
v 0.4 0.5 -1.6
v 0.4 0.6 -1.6
v 0.4 0.9 -1.6
v 0.4 1 -1.6
v 0.5 0.4 -1.6
v 0.5 0.5 -1.6
v 0.5 0.6 -1.6
v 0.5 0.9 -1.6
v 0.5 1 -1.6
v 0.6 0.4 -1.6
v 0.6 0.5 -1.6
v 0.6 0.6 -1.6
v 0.6 0.9 -1.6
v 0.6 1 -1.6
v 0.6 1.1 -1.6
v 0.7 0.4 -1.6
v 0.7 0.5 -1.6
v 0.7 0.9 -1.6
v 0.7 1 -1.6
v 0.7 1.1 -1.6
v 0.8 0.4 -1.6
v 0.8 0.5 -1.6
v 0.8 1 -1.6
v 0.8 1.1 -1.6
v 0.9 0.4 -1.6
v 0.9 0.5 -1.6
v 0.9 1 -1.6
v 0.9 1.1 -1.6
v 1 0.4 -1.6
v 1 0.5 -1.6
v 1 1 -1.6
v 1 1.1 -1.6
v 1.1 0.4 -1.6
v 1.1 0.5 -1.6
v 1.1 1 -1.6
v 1.1 1.1 -1.6
v 1.2 0.4 -1.6
v 1.2 0.5 -1.6
v 1.2 1 -1.6
v 1.2 1.1 -1.6
v 1.3 0.4 -1.6
v 1.3 0.5 -1.6
v 1.3 1 -1.6
v 1.3 1.1 -1.6
v 1.4 0 -1.6
v 1.4 0.1 -1.6
v 1.4 0.4 -1.6
v 1.4 0.5 -1.6
v 1.4 1 -1.6
v 1.4 1.1 -1.6
v 1.4 1.3 -1.6
v 1.5 0.4 -1.6
v 1.5 0.5 -1.6
v 1.5 1 -1.6
v 1.5 1.1 -1.6
v 1.6 0 -1.6
v 1.6 0.4 -1.6
v 1.6 0.5 -1.6
v 1.6 1 -1.6
v 1.6 1.1 -1.6
v 1.6 1.3 -1.6
v -1.6 0 1.6
v -1.4 0 1.6
v 1.4 0 1.6
v 1.6 0 1.6
v -1.6 0 1.4
v -1.4 0 1.4
v 1.4 0 1.4
v 1.6 0 1.4
v -1.6 0 -1.4
v -1.4 0 -1.4
v 1.4 0 -1.4
v 1.6 0 -1.4
v -1.6 0 -1.6
v -1.4 0 -1.6
v 1.4 0 -1.6
v 1.6 0 -1.6
v -1.4 0.4 1.6
v -1.3 0.4 1.6
v 0.2 0.4 1.6
v 0.3 0.4 1.6
v 0.4 0.4 1.6
v 0.5 0.4 1.6
v 0.6 0.4 1.6
v 0.7 0.4 1.6
v 0.8 0.4 1.6
v 0.9 0.4 1.6
v 1 0.4 1.6
v 1.1 0.4 1.6
v 1.2 0.4 1.6
v 1.3 0.4 1.6
v 1.4 0.4 1.6
v -1.4 0.4 1.5
v -1.3 0.4 1.5
v 0.2 0.4 1.5
v 0.3 0.4 1.5
v 0.4 0.4 1.5
v 0.5 0.4 1.5
v 0.6 0.4 1.5
v 0.7 0.4 1.5
v 0.8 0.4 1.5
v 0.9 0.4 1.5
v 1 0.4 1.5
v 1.1 0.4 1.5
v 1.2 0.4 1.5
v 1.3 0.4 1.5
v 1.4 0.4 1.5
v -1.6 0.4 1.4
v -1.5 0.4 1.4
v 1.5 0.4 1.4
v 1.6 0.4 1.4
v -1.6 0.4 1.3
v -1.5 0.4 1.3
v 1.5 0.4 1.3
v 1.6 0.4 1.3
v -1.6 0.4 1.2
v -1.5 0.4 1.2
v 1.5 0.4 1.2
v 1.6 0.4 1.2
v -1.6 0.4 1.1
v -1.5 0.4 1.1
v 1.5 0.4 1.1
v 1.6 0.4 1.1
v -1.6 0.4 1
v -1.5 0.4 1
v 1.5 0.4 1
v 1.6 0.4 1
v -1.6 0.4 0.9
v -1.5 0.4 0.9
v 1.5 0.4 0.9
v 1.6 0.4 0.9
v -1.6 0.4 0.8
v -1.5 0.4 0.8
v 1.5 0.4 0.8
v 1.6 0.4 0.8
v 1.5 0.4 -0.7
v 1.6 0.4 -0.7
v -1.6 0.4 -0.8
v -1.5 0.4 -0.8
v 1.5 0.4 -0.8
v 1.6 0.4 -0.8
v -1.6 0.4 -0.9
v -1.5 0.4 -0.9
v 1.5 0.4 -0.9
v 1.6 0.4 -0.9
v -1.6 0.4 -1
v -1.5 0.4 -1
v 1.5 0.4 -1
v 1.6 0.4 -1
v -1.6 0.4 -1.1
v -1.5 0.4 -1.1
v 1.5 0.4 -1.1
v 1.6 0.4 -1.1
v -1.6 0.4 -1.2
v -1.5 0.4 -1.2
v 1.5 0.4 -1.2
v 1.6 0.4 -1.2
v -1.6 0.4 -1.3
v -1.5 0.4 -1.3
v 1.5 0.4 -1.3
v 1.6 0.4 -1.3
v -1.6 0.4 -1.4
v -1.5 0.4 -1.4
v 1.5 0.4 -1.4
v 1.6 0.4 -1.4
v -1.4 0.4 -1.5
v -1.3 0.4 -1.5
v 0.5 0.4 -1.5
v 0.6 0.4 -1.5
v 0.7 0.4 -1.5
v 0.8 0.4 -1.5
v 0.9 0.4 -1.5
v 1 0.4 -1.5
v 1.1 0.4 -1.5
v 1.2 0.4 -1.5
v 1.3 0.4 -1.5
v 1.4 0.4 -1.5
v -1.4 0.4 -1.6
v -1.3 0.4 -1.6
v 0.5 0.4 -1.6
v 0.6 0.4 -1.6
v 0.7 0.4 -1.6
v 0.8 0.4 -1.6
v 0.9 0.4 -1.6
v 1 0.4 -1.6
v 1.1 0.4 -1.6
v 1.2 0.4 -1.6
v 1.3 0.4 -1.6
v 1.4 0.4 -1.6
v -1.3 0.5 1.6
v -1.2 0.5 1.6
v -1.1 0.5 1.6
v -1 0.5 1.6
v -0.9 0.5 1.6
v -0.8 0.5 1.6
v -0.7 0.5 1.6
v -0.6 0.5 1.6
v -0.5 0.5 1.6
v -0.4 0.5 1.6
v -0.3 0.5 1.6
v -0.2 0.5 1.6
v -0.1 0.5 1.6
v 0 0.5 1.6
v 0.1 0.5 1.6
v 0.2 0.5 1.6
v -1.3 0.5 1.5
v -1.2 0.5 1.5
v -1.1 0.5 1.5
v -1 0.5 1.5
v -0.9 0.5 1.5
v -0.8 0.5 1.5
v -0.7 0.5 1.5
v -0.6 0.5 1.5
v -0.5 0.5 1.5
v -0.4 0.5 1.5
v -0.3 0.5 1.5
v -0.2 0.5 1.5
v -0.1 0.5 1.5
v 0 0.5 1.5
v 0.1 0.5 1.5
v 0.2 0.5 1.5
v -1.6 0.5 0.8
v -1.5 0.5 0.8
v 1.5 0.5 0.8
v 1.6 0.5 0.8
v -1.6 0.5 0.7
v -1.5 0.5 0.7
v 1.5 0.5 0.7
v 1.6 0.5 0.7
v -1.6 0.5 0.6
v -1.5 0.5 0.6
v 1.5 0.5 0.6
v 1.6 0.5 0.6
v -1.6 0.5 0.5
v -1.5 0.5 0.5
v 1.5 0.5 0.5
v 1.6 0.5 0.5
v -1.6 0.5 0.4
v -1.5 0.5 0.4
v 1.5 0.5 0.4
v 1.6 0.5 0.4
v -1.6 0.5 0.3
v -1.5 0.5 0.3
v -1.6 0.5 0.2
v -1.5 0.5 0.2
v -1.6 0.5 -0.4
v -1.5 0.5 -0.4
v 1.5 0.5 -0.4
v 1.6 0.5 -0.4
v -1.6 0.5 -0.5
v -1.5 0.5 -0.5
v 1.5 0.5 -0.5
v 1.6 0.5 -0.5
v -1.6 0.5 -0.6
v -1.5 0.5 -0.6
v 1.5 0.5 -0.6
v 1.6 0.5 -0.6
v -1.6 0.5 -0.7
v -1.5 0.5 -0.7
v 1.5 0.5 -0.7
v 1.6 0.5 -0.7
v -1.6 0.5 -0.8
v -1.5 0.5 -0.8
v -1.3 0.5 -1.5
v -1.2 0.5 -1.5
v -1.1 0.5 -1.5
v -1 0.5 -1.5
v -0.9 0.5 -1.5
v -0.8 0.5 -1.5
v -0.7 0.5 -1.5
v -0.6 0.5 -1.5
v -0.5 0.5 -1.5
v -0.4 0.5 -1.5
v -0.3 0.5 -1.5
v -0.2 0.5 -1.5
v -0.1 0.5 -1.5
v 0 0.5 -1.5
v 0.1 0.5 -1.5
v 0.2 0.5 -1.5
v 0.3 0.5 -1.5
v 0.4 0.5 -1.5
v 0.5 0.5 -1.5
v -1.3 0.5 -1.6
v -1.2 0.5 -1.6
v -1.1 0.5 -1.6
v -1 0.5 -1.6
v -0.9 0.5 -1.6
v -0.8 0.5 -1.6
v -0.7 0.5 -1.6
v -0.6 0.5 -1.6
v -0.5 0.5 -1.6
v -0.4 0.5 -1.6
v -0.3 0.5 -1.6
v -0.2 0.5 -1.6
v -0.1 0.5 -1.6
v 0 0.5 -1.6
v 0.1 0.5 -1.6
v 0.2 0.5 -1.6
v 0.3 0.5 -1.6
v 0.4 0.5 -1.6
v 0.5 0.5 -1.6
v -1.2 0.6 1.6
v -1.1 0.6 1.6
v -1.2 0.6 1.5
v -1.1 0.6 1.5
v 1.5 0.6 0.4
v 1.6 0.6 0.4
v 1.5 0.6 0.3
v 1.6 0.6 0.3
v -1.6 0.6 0.2
v -1.5 0.6 0.2
v 1.5 0.6 0.2
v 1.6 0.6 0.2
v -1.6 0.6 0.1
v -1.5 0.6 0.1
v 1.5 0.6 0.1
v 1.6 0.6 0.1
v -1.6 0.6 0
v -1.5 0.6 0
v 1.5 0.6 0
v 1.6 0.6 0
v -1.6 0.6 -0.1
v -1.5 0.6 -0.1
v 1.5 0.6 -0.1
v 1.6 0.6 -0.1
v -1.6 0.6 -0.2
v -1.5 0.6 -0.2
v 1.5 0.6 -0.2
v 1.6 0.6 -0.2
v -1.6 0.6 -0.3
v -1.5 0.6 -0.3
v 1.5 0.6 -0.3
v 1.6 0.6 -0.3
v -1.6 0.6 -0.4
v -1.5 0.6 -0.4
v 1.5 0.6 -0.4
v 1.6 0.6 -0.4
v -1.1 0.6 -1.5
v -1 0.6 -1.5
v -1.1 0.6 -1.6
v -1 0.6 -1.6
v -1.4 0.7 1.6
v -1.3 0.7 1.6
v -1.2 0.7 1.6
v -1.1 0.7 1.6
v -1 0.7 1.6
v -0.9 0.7 1.6
v -1.4 0.7 1.5
v -1.3 0.7 1.5
v -1.2 0.7 1.5
v -1.1 0.7 1.5
v -1 0.7 1.5
v -0.9 0.7 1.5
v -1.6 0.7 0
v -1.5 0.7 0
v 1.5 0.7 0
v 1.6 0.7 0
v -1.6 0.7 -0.1
v -1.5 0.7 -0.1
v 1.5 0.7 -0.1
v 1.6 0.7 -0.1
v -1.4 0.7 -1.5
v -1.3 0.7 -1.5
v -1.2 0.7 -1.5
v -1.4 0.7 -1.6
v -1.3 0.7 -1.6
v -1.2 0.7 -1.6
v -0.9 0.8 1.6
v -0.8 0.8 1.6
v -0.7 0.8 1.6
v -0.6 0.8 1.6
v -0.5 0.8 1.6
v -0.4 0.8 1.6
v -0.3 0.8 1.6
v -0.2 0.8 1.6
v -0.9 0.8 1.5
v -0.8 0.8 1.5
v -0.7 0.8 1.5
v -0.6 0.8 1.5
v -0.5 0.8 1.5
v -0.4 0.8 1.5
v -0.3 0.8 1.5
v -0.2 0.8 1.5
v -1.6 0.8 0.2
v -1.5 0.8 0.2
v -1.6 0.8 0.1
v -1.5 0.8 0.1
v 1.5 0.8 0.1
v 1.6 0.8 0.1
v -1.6 0.8 0
v -1.5 0.8 0
v 1.5 0.8 0
v 1.6 0.8 0
v -1.6 0.8 -0.1
v -1.5 0.8 -0.1
v 1.5 0.8 -0.1
v 1.6 0.8 -0.1
v -1.6 0.8 -0.2
v -1.5 0.8 -0.2
v 1.5 0.8 -0.2
v 1.6 0.8 -0.2
v -1.1 0.8 -1.5
v -1 0.8 -1.5
v -0.9 0.8 -1.5
v -0.8 0.8 -1.5
v -0.7 0.8 -1.5
v -0.6 0.8 -1.5
v -0.5 0.8 -1.5
v -0.4 0.8 -1.5
v -0.3 0.8 -1.5
v -0.2 0.8 -1.5
v -0.1 0.8 -1.5
v 0 0.8 -1.5
v 0.1 0.8 -1.5
v 0.2 0.8 -1.5
v 0.3 0.8 -1.5
v -1.1 0.8 -1.6
v -1 0.8 -1.6
v -0.9 0.8 -1.6
v -0.8 0.8 -1.6
v -0.7 0.8 -1.6
v -0.6 0.8 -1.6
v -0.5 0.8 -1.6
v -0.4 0.8 -1.6
v -0.3 0.8 -1.6
v -0.2 0.8 -1.6
v -0.1 0.8 -1.6
v 0 0.8 -1.6
v 0.1 0.8 -1.6
v 0.2 0.8 -1.6
v 0.3 0.8 -1.6
v -1.3 0.9 1.6
v -1.2 0.9 1.6
v -0.2 0.9 1.6
v -0.1 0.9 1.6
v 0 0.9 1.6
v 0.1 0.9 1.6
v 0.2 0.9 1.6
v 0.3 0.9 1.6
v 0.4 0.9 1.6
v 0.5 0.9 1.6
v -1.3 0.9 1.5
v -1.2 0.9 1.5
v -0.2 0.9 1.5
v -0.1 0.9 1.5
v 0 0.9 1.5
v 0.1 0.9 1.5
v 0.2 0.9 1.5
v 0.3 0.9 1.5
v 0.4 0.9 1.5
v 0.5 0.9 1.5
v -1.6 0.9 1
v -1.5 0.9 1
v -1.6 0.9 0.9
v -1.5 0.9 0.9
v -1.6 0.9 0.8
v -1.5 0.9 0.8
v -1.6 0.9 0.7
v -1.5 0.9 0.7
v 1.5 0.9 0.7
v 1.6 0.9 0.7
v -1.6 0.9 0.6
v -1.5 0.9 0.6
v 1.5 0.9 0.6
v 1.6 0.9 0.6
v -1.6 0.9 0.5
v -1.5 0.9 0.5
v 1.5 0.9 0.5
v 1.6 0.9 0.5
v -1.6 0.9 0.4
v -1.5 0.9 0.4
v 1.5 0.9 0.4
v 1.6 0.9 0.4
v -1.6 0.9 0.3
v -1.5 0.9 0.3
v 1.5 0.9 0.3
v 1.6 0.9 0.3
v -1.6 0.9 0.2
v -1.5 0.9 0.2
v 1.5 0.9 0.2
v 1.6 0.9 0.2
v 1.5 0.9 0.1
v 1.6 0.9 0.1
v -1.6 0.9 -0.2
v -1.5 0.9 -0.2
v 1.5 0.9 -0.2
v 1.6 0.9 -0.2
v -1.6 0.9 -0.3
v -1.5 0.9 -0.3
v 1.5 0.9 -0.3
v 1.6 0.9 -0.3
v -1.6 0.9 -0.4
v -1.5 0.9 -0.4
v 1.5 0.9 -0.4
v 1.6 0.9 -0.4
v -1.6 0.9 -0.5
v -1.5 0.9 -0.5
v 1.5 0.9 -0.5
v 1.6 0.9 -0.5
v -1.6 0.9 -0.6
v -1.5 0.9 -0.6
v -1.6 0.9 -0.7
v -1.5 0.9 -0.7
v -1.6 0.9 -0.8
v -1.5 0.9 -0.8
v -1.6 0.9 -0.9
v -1.5 0.9 -0.9
v -1.2 0.9 -1.5
v -1.1 0.9 -1.5
v 0.3 0.9 -1.5
v 0.4 0.9 -1.5
v 0.5 0.9 -1.5
v 0.6 0.9 -1.5
v 0.7 0.9 -1.5
v -1.2 0.9 -1.6
v -1.1 0.9 -1.6
v 0.3 0.9 -1.6
v 0.4 0.9 -1.6
v 0.5 0.9 -1.6
v 0.6 0.9 -1.6
v 0.7 0.9 -1.6
v -1.4 1 1.6
v -1.3 1 1.6
v 0.5 1 1.6
v 0.6 1 1.6
v 0.7 1 1.6
v 0.8 1 1.6
v 0.9 1 1.6
v 1 1 1.6
v -1.4 1 1.5
v -1.3 1 1.5
v 0.5 1 1.5
v 0.6 1 1.5
v 0.7 1 1.5
v 0.8 1 1.5
v 0.9 1 1.5
v 1 1 1.5
v -1.6 1 1.4
v -1.5 1 1.4
v -1.6 1 1.3
v -1.5 1 1.3
v -1.6 1 1.2
v -1.5 1 1.2
v -1.6 1 1.1
v -1.5 1 1.1
v -1.6 1 1
v -1.5 1 1
v 1.5 1 1
v 1.6 1 1
v 1.5 1 0.9
v 1.6 1 0.9
v 1.5 1 0.8
v 1.6 1 0.8
v 1.5 1 0.7
v 1.6 1 0.7
v 1.5 1 -0.5
v 1.6 1 -0.5
v 1.5 1 -0.6
v 1.6 1 -0.6
v 1.5 1 -0.7
v 1.6 1 -0.7
v 1.5 1 -0.8
v 1.6 1 -0.8
v -1.6 1 -0.9
v -1.5 1 -0.9
v 1.5 1 -0.9
v 1.6 1 -0.9
v -1.6 1 -1
v -1.5 1 -1
v 1.5 1 -1
v 1.6 1 -1
v -1.6 1 -1.1
v -1.5 1 -1.1
v 1.5 1 -1.1
v 1.6 1 -1.1
v -1.6 1 -1.2
v -1.5 1 -1.2
v 1.5 1 -1.2
v 1.6 1 -1.2
v -1.6 1 -1.3
v -1.5 1 -1.3
v 1.5 1 -1.3
v 1.6 1 -1.3
v -1.6 1 -1.4
v -1.5 1 -1.4
v 1.5 1 -1.4
v 1.6 1 -1.4
v -1.4 1 -1.5
v -1.3 1 -1.5
v -1.2 1 -1.5
v 0.7 1 -1.5
v 0.8 1 -1.5
v 0.9 1 -1.5
v 1 1 -1.5
v 1.1 1 -1.5
v 1.2 1 -1.5
v 1.3 1 -1.5
v 1.4 1 -1.5
v -1.4 1 -1.6
v -1.3 1 -1.6
v -1.2 1 -1.6
v 0.7 1 -1.6
v 0.8 1 -1.6
v 0.9 1 -1.6
v 1 1 -1.6
v 1.1 1 -1.6
v 1.2 1 -1.6
v 1.3 1 -1.6
v 1.4 1 -1.6
v 1 1.1 1.6
v 1.1 1.1 1.6
v 1.2 1.1 1.6
v 1.3 1.1 1.6
v 1.4 1.1 1.6
v 1 1.1 1.5
v 1.1 1.1 1.5
v 1.2 1.1 1.5
v 1.3 1.1 1.5
v 1.4 1.1 1.5
v 1.5 1.1 1.4
v 1.6 1.1 1.4
v 1.5 1.1 1.3
v 1.6 1.1 1.3
v 1.5 1.1 1.2
v 1.6 1.1 1.2
v 1.5 1.1 1.1
v 1.6 1.1 1.1
v 1.5 1.1 1
v 1.6 1.1 1
v -1.4 0.1 1.6
v 1.4 0.1 1.6
v -1.4 0.1 1.5
v 1.4 0.1 1.5
v -1.6 0.1 1.4
v -1.5 0.1 1.4
v 1.5 0.1 1.4
v 1.6 0.1 1.4
v 0.8 0.1 1
v 1 0.1 1
v -1 0.1 0.9
v -0.4 0.1 0.9
v 0.8 0.1 0.8
v 1 0.1 0.8
v -0.9 0.1 0.7
v -0.8 0.1 0.7
v -0.9 0.1 0.6
v -0.8 0.1 0.6
v -0.7 0.1 0.4
v -0.6 0.1 0.4
v -0.7 0.1 0.3
v -0.6 0.1 0.3
v 0.2 0.1 0.2
v 0.9 0.1 0.2
v 0.5 0.1 0.1
v 0.6 0.1 0.1
v -1 0.1 0
v -0.4 0.1 0
v 0.5 0.1 0
v 0.6 0.1 0
v 0.8 0.1 -0.2
v 0.9 0.1 -0.2
v 0.8 0.1 -0.3
v 0.9 0.1 -0.3
v -0.9 0.1 -0.5
v -0.4 0.1 -0.5
v -0.7 0.1 -0.7
v -0.6 0.1 -0.7
v 0.2 0.1 -0.7
v 0.9 0.1 -0.7
v -0.7 0.1 -0.8
v -0.6 0.1 -0.8
v -0.9 0.1 -0.9
v -0.4 0.1 -0.9
v -1.6 0.1 -1.4
v -1.5 0.1 -1.4
v 1.5 0.1 -1.4
v 1.6 0.1 -1.4
v -1.4 0.1 -1.5
v 1.4 0.1 -1.5
v -1.4 0.1 -1.6
v 1.4 0.1 -1.6
v -1.4 0.2 1.5
v 1.4 0.2 1.5
v -1.5 0.2 1.4
v -1.4 0.2 1.4
v 1.4 0.2 1.4
v 1.5 0.2 1.4
v -1.3 0.2 1.3
v 1.3 0.2 1.3
v -1.1 0.2 1.1
v -0.3 0.2 1.1
v 0.7 0.2 1.1
v 1.1 0.2 1.1
v 0.8 0.2 1
v 1 0.2 1
v -1 0.2 0.9
v -0.4 0.2 0.9
v 0.8 0.2 0.8
v 1 0.2 0.8
v -0.9 0.2 0.7
v -0.8 0.2 0.7
v 0.7 0.2 0.7
v 1.1 0.2 0.7
v -0.9 0.2 0.6
v -0.8 0.2 0.6
v -0.7 0.2 0.4
v -0.6 0.2 0.4
v -0.7 0.2 0.3
v -0.6 0.2 0.3
v 0 0.2 0.2
v 0.2 0.2 0.2
v 0.5 0.2 0.1
v 0.6 0.2 0.1
v -1 0.2 0
v -0.4 0.2 0
v 0.5 0.2 0
v 0.6 0.2 0
v -1.1 0.2 -0.2
v -0.3 0.2 -0.2
v 0.8 0.2 -0.2
v 0.9 0.2 -0.2
v 0.8 0.2 -0.3
v 0.9 0.2 -0.3
v -1.1 0.2 -0.4
v -0.3 0.2 -0.4
v -0.9 0.2 -0.5
v -0.4 0.2 -0.5
v -0.7 0.2 -0.7
v -0.6 0.2 -0.7
v 0.2 0.2 -0.7
v 0.9 0.2 -0.7
v -0.7 0.2 -0.8
v -0.6 0.2 -0.8
v -0.9 0.2 -0.9
v -0.4 0.2 -0.9
v 0 0.2 -1
v 0.9 0.2 -1
v -1.1 0.2 -1.2
v -0.3 0.2 -1.2
v -1.3 0.2 -1.3
v 1.3 0.2 -1.3
v -1.5 0.2 -1.4
v -1.4 0.2 -1.4
v 1.4 0.2 -1.4
v 1.5 0.2 -1.4
v -1.4 0.2 -1.5
v 1.4 0.2 -1.5
v -1.3 0.3 1.3
v 1.3 0.3 1.3
v 0.3 0.3 1.2
v 0.5 0.3 1.2
v -1.1 0.3 1.1
v -0.3 0.3 1.1
v 0.3 0.3 1.1
v 0.4 0.3 1.1
v 0.7 0.3 1.1
v 1.1 0.3 1.1
v 0.4 0.3 1
v 0.5 0.3 1
v -0.1 0.3 0.9
v 0.1 0.3 0.9
v -0.2 0.3 0.8
v -0.1 0.3 0.8
v 0.7 0.3 0.7
v 1.1 0.3 0.7
v -0.2 0.3 0.6
v -0.1 0.3 0.6
v 0.1 0.3 0.6
v 0.3 0.3 0.6
v 0.6 0.3 0.6
v 0.7 0.3 0.6
v -0.1 0.3 0.5
v 0 0.3 0.5
v 0.6 0.3 0.5
v 0.7 0.3 0.5
v 1 0.3 0.5
v 1.1 0.3 0.5
v 0 0.3 0.4
v 0.1 0.3 0.4
v 0.2 0.3 0.4
v 0.3 0.3 0.4
v 1 0.3 0.4
v 1.1 0.3 0.4
v 1.2 0.3 0.4
v 0.1 0.3 0.3
v 0.2 0.3 0.3
v 0 0.3 0.2
v 0.9 0.3 0.2
v -0.2 0.3 0.1
v -0.1 0.3 0.1
v 1.1 0.3 0.1
v 1.2 0.3 0.1
v -0.2 0.3 -0.1
v -0.1 0.3 -0.1
v -1.3 0.3 -0.2
v -1.1 0.3 -0.2
v -0.3 0.3 -0.2
v -1.3 0.3 -0.3
v -1.1 0.3 -0.3
v -0.2 0.3 -0.3
v -0.1 0.3 -0.3
v -1.1 0.3 -0.4
v -0.3 0.3 -0.4
v -0.2 0.3 -0.4
v -0.1 0.3 -0.4
v 1.1 0.3 -0.4
v 1.2 0.3 -0.4
v 1 0.3 -0.6
v 1.1 0.3 -0.6
v 1.2 0.3 -0.6
v 1 0.3 -0.7
v 1.1 0.3 -0.7
v 1.2 0.3 -0.7
v 1.1 0.3 -0.8
v 1.2 0.3 -0.8
v -0.2 0.3 -0.9
v -0.1 0.3 -0.9
v -0.2 0.3 -1
v -0.1 0.3 -1
v 0 0.3 -1
v 0.9 0.3 -1
v 0.2 0.3 -1.1
v 0.6 0.3 -1.1
v 0.7 0.3 -1.1
v 0.8 0.3 -1.1
v -1.1 0.3 -1.2
v -0.3 0.3 -1.2
v 0.2 0.3 -1.2
v 0.6 0.3 -1.2
v 0.7 0.3 -1.2
v 0.8 0.3 -1.2
v -1.3 0.3 -1.3
v 1.3 0.3 -1.3
v 0.3 0.4 1.2
v 0.5 0.4 1.2
v 0.3 0.4 1.1
v 0.4 0.4 1.1
v 0.4 0.4 1
v 0.5 0.4 1
v -0.1 0.4 0.9
v 0.1 0.4 0.9
v -0.2 0.4 0.8
v -0.1 0.4 0.8
v 0 0.4 0.8
v -0.2 0.4 0.6
v -0.1 0.4 0.6
v 0 0.4 0.6
v 0.1 0.4 0.6
v 0.3 0.4 0.6
v 0.6 0.4 0.6
v 0.7 0.4 0.6
v -0.1 0.4 0.5
v 0 0.4 0.5
v 0.1 0.4 0.5
v 0.2 0.4 0.5
v 0.6 0.4 0.5
v 0.7 0.4 0.5
v 1 0.4 0.5
v 1.1 0.4 0.5
v 0 0.4 0.4
v 0.1 0.4 0.4
v 0.2 0.4 0.4
v 0.3 0.4 0.4
v 1 0.4 0.4
v 1.1 0.4 0.4
v 1.2 0.4 0.4
v 0.1 0.4 0.3
v 0.2 0.4 0.3
v -0.2 0.4 0.1
v -0.1 0.4 0.1
v 1.1 0.4 0.1
v 1.2 0.4 0.1
v -0.2 0.4 -0.1
v -0.1 0.4 -0.1
v -1.3 0.4 -0.2
v -1.1 0.4 -0.2
v -1.3 0.4 -0.3
v -1.1 0.4 -0.3
v -0.2 0.4 -0.3
v -0.1 0.4 -0.3
v -0.2 0.4 -0.4
v -0.1 0.4 -0.4
v 1.1 0.4 -0.4
v 1.2 0.4 -0.4
v 1 0.4 -0.6
v 1.1 0.4 -0.6
v 1.2 0.4 -0.6
v 1 0.4 -0.7
v 1.1 0.4 -0.7
v 1.2 0.4 -0.7
v 1.1 0.4 -0.8
v 1.2 0.4 -0.8
v -0.2 0.4 -0.9
v -0.1 0.4 -0.9
v -0.2 0.4 -1
v -0.1 0.4 -1
v 0.2 0.4 -1.1
v 0.6 0.4 -1.1
v 0.7 0.4 -1.1
v 0.8 0.4 -1.1
v 0.2 0.4 -1.2
v 0.6 0.4 -1.2
v 0.7 0.4 -1.2
v 0.8 0.4 -1.2
v -1.4 0.5 1.6
v -1.3 0.5 1.6
v 0.3 0.5 1.6
v 0.4 0.5 1.6
v 0.5 0.5 1.6
v 0.6 0.5 1.6
v 0.7 0.5 1.6
v 0.8 0.5 1.6
v 0.9 0.5 1.6
v 1 0.5 1.6
v 1.1 0.5 1.6
v 1.2 0.5 1.6
v 1.3 0.5 1.6
v 1.4 0.5 1.6
v -1.4 0.5 1.5
v -1.3 0.5 1.5
v 0.3 0.5 1.5
v 0.4 0.5 1.5
v 0.5 0.5 1.5
v 0.6 0.5 1.5
v 0.7 0.5 1.5
v 0.8 0.5 1.5
v 0.9 0.5 1.5
v 1 0.5 1.5
v 1.1 0.5 1.5
v 1.2 0.5 1.5
v 1.3 0.5 1.5
v 1.4 0.5 1.5
v -1.6 0.5 1.4
v -1.5 0.5 1.4
v 1.5 0.5 1.4
v 1.6 0.5 1.4
v -1.6 0.5 1.3
v -1.5 0.5 1.3
v 1.5 0.5 1.3
v 1.6 0.5 1.3
v -1.6 0.5 1.2
v -1.5 0.5 1.2
v 1.5 0.5 1.2
v 1.6 0.5 1.2
v -1.6 0.5 1.1
v -1.5 0.5 1.1
v 1.5 0.5 1.1
v 1.6 0.5 1.1
v -1.6 0.5 1
v -1.5 0.5 1
v 1.5 0.5 1
v 1.6 0.5 1
v -1.6 0.5 0.9
v -1.5 0.5 0.9
v 1.5 0.5 0.9
v 1.6 0.5 0.9
v -0.1 0.5 0.8
v 0 0.5 0.8
v -0.1 0.5 0.6
v 0 0.5 0.6
v 0.1 0.5 0.5
v 0.2 0.5 0.5
v 0.1 0.5 0.4
v 0.2 0.5 0.4
v 1.5 0.5 -0.8
v 1.6 0.5 -0.8
v -1.6 0.5 -0.9
v -1.5 0.5 -0.9
v 1.5 0.5 -0.9
v 1.6 0.5 -0.9
v -1.6 0.5 -1
v -1.5 0.5 -1
v 1.5 0.5 -1
v 1.6 0.5 -1
v -1.6 0.5 -1.1
v -1.5 0.5 -1.1
v 1.5 0.5 -1.1
v 1.6 0.5 -1.1
v -1.6 0.5 -1.2
v -1.5 0.5 -1.2
v 1.5 0.5 -1.2
v 1.6 0.5 -1.2
v -1.6 0.5 -1.3
v -1.5 0.5 -1.3
v 1.5 0.5 -1.3
v 1.6 0.5 -1.3
v -1.6 0.5 -1.4
v -1.5 0.5 -1.4
v 1.5 0.5 -1.4
v 1.6 0.5 -1.4
v -1.4 0.5 -1.5
v -1.3 0.5 -1.5
v 0.6 0.5 -1.5
v 0.7 0.5 -1.5
v 0.8 0.5 -1.5
v 0.9 0.5 -1.5
v 1 0.5 -1.5
v 1.1 0.5 -1.5
v 1.2 0.5 -1.5
v 1.3 0.5 -1.5
v 1.4 0.5 -1.5
v -1.4 0.5 -1.6
v -1.3 0.5 -1.6
v 0.6 0.5 -1.6
v 0.7 0.5 -1.6
v 0.8 0.5 -1.6
v 0.9 0.5 -1.6
v 1 0.5 -1.6
v 1.1 0.5 -1.6
v 1.2 0.5 -1.6
v 1.3 0.5 -1.6
v 1.4 0.5 -1.6
v -1.3 0.6 1.6
v -1.2 0.6 1.6
v -1.1 0.6 1.6
v -1 0.6 1.6
v -0.9 0.6 1.6
v -0.8 0.6 1.6
v -0.7 0.6 1.6
v -0.6 0.6 1.6
v -0.5 0.6 1.6
v -0.4 0.6 1.6
v -0.3 0.6 1.6
v -0.2 0.6 1.6
v -0.1 0.6 1.6
v 0 0.6 1.6
v 0.1 0.6 1.6
v 0.2 0.6 1.6
v 0.3 0.6 1.6
v -1.3 0.6 1.5
v -1.2 0.6 1.5
v -1.1 0.6 1.5
v -1 0.6 1.5
v -0.9 0.6 1.5
v -0.8 0.6 1.5
v -0.7 0.6 1.5
v -0.6 0.6 1.5
v -0.5 0.6 1.5
v -0.4 0.6 1.5
v -0.3 0.6 1.5
v -0.2 0.6 1.5
v -0.1 0.6 1.5
v 0 0.6 1.5
v 0.1 0.6 1.5
v 0.2 0.6 1.5
v 0.3 0.6 1.5
v -1.6 0.6 0.9
v -1.5 0.6 0.9
v 1.5 0.6 0.9
v 1.6 0.6 0.9
v -1.6 0.6 0.8
v -1.5 0.6 0.8
v 1.5 0.6 0.8
v 1.6 0.6 0.8
v -1.6 0.6 0.7
v -1.5 0.6 0.7
v 1.5 0.6 0.7
v 1.6 0.6 0.7
v -1.6 0.6 0.6
v -1.5 0.6 0.6
v 1.5 0.6 0.6
v 1.6 0.6 0.6
v -1.6 0.6 0.5
v -1.5 0.6 0.5
v 1.5 0.6 0.5
v 1.6 0.6 0.5
v -1.6 0.6 0.4
v -1.5 0.6 0.4
v -1.6 0.6 0.3
v -1.5 0.6 0.3
v 1.5 0.6 -0.4
v 1.6 0.6 -0.4
v -1.6 0.6 -0.5
v -1.5 0.6 -0.5
v 1.5 0.6 -0.5
v 1.6 0.6 -0.5
v -1.6 0.6 -0.6
v -1.5 0.6 -0.6
v 1.5 0.6 -0.6
v 1.6 0.6 -0.6
v -1.6 0.6 -0.7
v -1.5 0.6 -0.7
v 1.5 0.6 -0.7
v 1.6 0.6 -0.7
v -1.6 0.6 -0.8
v -1.5 0.6 -0.8
v 1.5 0.6 -0.8
v 1.6 0.6 -0.8
v -1.6 0.6 -0.9
v -1.5 0.6 -0.9
v -1.3 0.6 -1.5
v -1.2 0.6 -1.5
v -0.9 0.6 -1.5
v -0.8 0.6 -1.5
v -0.7 0.6 -1.5
v -0.6 0.6 -1.5
v -0.5 0.6 -1.5
v -0.4 0.6 -1.5
v -0.3 0.6 -1.5
v -0.2 0.6 -1.5
v -0.1 0.6 -1.5
v 0 0.6 -1.5
v 0.1 0.6 -1.5
v 0.2 0.6 -1.5
v 0.3 0.6 -1.5
v 0.4 0.6 -1.5
v 0.5 0.6 -1.5
v 0.6 0.6 -1.5
v -1.3 0.6 -1.6
v -1.2 0.6 -1.6
v -0.9 0.6 -1.6
v -0.8 0.6 -1.6
v -0.7 0.6 -1.6
v -0.6 0.6 -1.6
v -0.5 0.6 -1.6
v -0.4 0.6 -1.6
v -0.3 0.6 -1.6
v -0.2 0.6 -1.6
v -0.1 0.6 -1.6
v 0 0.6 -1.6
v 0.1 0.6 -1.6
v 0.2 0.6 -1.6
v 0.3 0.6 -1.6
v 0.4 0.6 -1.6
v 0.5 0.6 -1.6
v 0.6 0.6 -1.6
v 1.5 0.7 0.5
v 1.6 0.7 0.5
v 1.5 0.7 0.4
v 1.6 0.7 0.4
v -1.6 0.7 0.3
v -1.5 0.7 0.3
v 1.5 0.7 0.3
v 1.6 0.7 0.3
v -1.6 0.7 0.2
v -1.5 0.7 0.2
v 1.5 0.7 0.2
v 1.6 0.7 0.2
v -1.6 0.7 0.1
v -1.5 0.7 0.1
v 1.5 0.7 0.1
v 1.6 0.7 0.1
v -1.6 0.7 0
v -1.5 0.7 0
v 1.5 0.7 0
v 1.6 0.7 0
v -1.6 0.7 -0.1
v -1.5 0.7 -0.1
v 1.5 0.7 -0.1
v 1.6 0.7 -0.1
v -1.6 0.7 -0.2
v -1.5 0.7 -0.2
v 1.5 0.7 -0.2
v 1.6 0.7 -0.2
v -1.6 0.7 -0.3
v -1.5 0.7 -0.3
v 1.5 0.7 -0.3
v 1.6 0.7 -0.3
v -1.6 0.7 -0.4
v -1.5 0.7 -0.4
v 1.5 0.7 -0.4
v 1.6 0.7 -0.4
v -1.6 0.7 -0.5
v -1.5 0.7 -0.5
v -1.1 0.7 -1.5
v -1 0.7 -1.5
v -0.9 0.7 -1.5
v -1.1 0.7 -1.6
v -1 0.7 -1.6
v -0.9 0.7 -1.6
v -1.4 0.8 1.6
v -1.3 0.8 1.6
v -1.2 0.8 1.6
v -1.1 0.8 1.6
v -1 0.8 1.6
v -1.4 0.8 1.5
v -1.3 0.8 1.5
v -1.2 0.8 1.5
v -1.1 0.8 1.5
v -1 0.8 1.5
v -1.6 0.8 0
v -1.5 0.8 0
v 1.5 0.8 0
v 1.6 0.8 0
v -1.6 0.8 -0.1
v -1.5 0.8 -0.1
v 1.5 0.8 -0.1
v 1.6 0.8 -0.1
v -1.4 0.8 -1.5
v -1.3 0.8 -1.5
v -1.2 0.8 -1.5
v -1.1 0.8 -1.5
v -1.4 0.8 -1.6
v -1.3 0.8 -1.6
v -1.2 0.8 -1.6
v -1.1 0.8 -1.6
v -1.2 0.9 1.6
v -1.1 0.9 1.6
v -1 0.9 1.6
v -0.9 0.9 1.6
v -0.8 0.9 1.6
v -0.7 0.9 1.6
v -0.6 0.9 1.6
v -0.5 0.9 1.6
v -0.4 0.9 1.6
v -0.3 0.9 1.6
v -1.2 0.9 1.5
v -1.1 0.9 1.5
v -1 0.9 1.5
v -0.9 0.9 1.5
v -0.8 0.9 1.5
v -0.7 0.9 1.5
v -0.6 0.9 1.5
v -0.5 0.9 1.5
v -0.4 0.9 1.5
v -0.3 0.9 1.5
v -1.6 0.9 0.1
v -1.5 0.9 0.1
v 1.5 0.9 0.1
v 1.6 0.9 0.1
v -1.6 0.9 0
v -1.5 0.9 0
v 1.5 0.9 0
v 1.6 0.9 0
v -1.6 0.9 -0.1
v -1.5 0.9 -0.1
v 1.5 0.9 -0.1
v 1.6 0.9 -0.1
v -1.6 0.9 -0.2
v -1.5 0.9 -0.2
v 1.5 0.9 -0.2
v 1.6 0.9 -0.2
v -1.1 0.9 -1.5
v -1 0.9 -1.5
v -0.9 0.9 -1.5
v -0.8 0.9 -1.5
v -0.7 0.9 -1.5
v -0.6 0.9 -1.5
v -0.5 0.9 -1.5
v -0.4 0.9 -1.5
v -0.3 0.9 -1.5
v -0.2 0.9 -1.5
v -0.1 0.9 -1.5
v 0 0.9 -1.5
v 0.1 0.9 -1.5
v 0.2 0.9 -1.5
v -1.1 0.9 -1.6
v -1 0.9 -1.6
v -0.9 0.9 -1.6
v -0.8 0.9 -1.6
v -0.7 0.9 -1.6
v -0.6 0.9 -1.6
v -0.5 0.9 -1.6
v -0.4 0.9 -1.6
v -0.3 0.9 -1.6
v -0.2 0.9 -1.6
v -0.1 0.9 -1.6
v 0 0.9 -1.6
v 0.1 0.9 -1.6
v 0.2 0.9 -1.6
v -1.3 1 1.6
v -1.2 1 1.6
v -0.3 1 1.6
v -0.2 1 1.6
v -0.1 1 1.6
v 0 1 1.6
v 0.1 1 1.6
v 0.2 1 1.6
v 0.3 1 1.6
v 0.4 1 1.6
v -1.3 1 1.5
v -1.2 1 1.5
v -0.3 1 1.5
v -0.2 1 1.5
v -0.1 1 1.5
v 0 1 1.5
v 0.1 1 1.5
v 0.2 1 1.5
v 0.3 1 1.5
v 0.4 1 1.5
v -1.6 1 0.9
v -1.5 1 0.9
v -1.6 1 0.8
v -1.5 1 0.8
v -1.6 1 0.7
v -1.5 1 0.7
v -1.6 1 0.6
v -1.5 1 0.6
v 1.5 1 0.6
v 1.6 1 0.6
v -1.6 1 0.5
v -1.5 1 0.5
v 1.5 1 0.5
v 1.6 1 0.5
v -1.6 1 0.4
v -1.5 1 0.4
v 1.5 1 0.4
v 1.6 1 0.4
v -1.6 1 0.3
v -1.5 1 0.3
v 1.5 1 0.3
v 1.6 1 0.3
v -1.6 1 0.2
v -1.5 1 0.2
v 1.5 1 0.2
v 1.6 1 0.2
v -1.6 1 0.1
v -1.5 1 0.1
v 1.5 1 0.1
v 1.6 1 0.1
v -1.6 1 -0.2
v -1.5 1 -0.2
v 1.5 1 -0.2
v 1.6 1 -0.2
v -1.6 1 -0.3
v -1.5 1 -0.3
v 1.5 1 -0.3
v 1.6 1 -0.3
v -1.6 1 -0.4
v -1.5 1 -0.4
v 1.5 1 -0.4
v 1.6 1 -0.4
v -1.6 1 -0.5
v -1.5 1 -0.5
v 1.5 1 -0.5
v 1.6 1 -0.5
v -1.6 1 -0.6
v -1.5 1 -0.6
v -1.6 1 -0.7
v -1.5 1 -0.7
v -1.6 1 -0.8
v -1.5 1 -0.8
v -1.2 1 -1.5
v -1.1 1 -1.5
v 0.2 1 -1.5
v 0.3 1 -1.5
v 0.4 1 -1.5
v 0.5 1 -1.5
v 0.6 1 -1.5
v -1.2 1 -1.6
v -1.1 1 -1.6
v 0.2 1 -1.6
v 0.3 1 -1.6
v 0.4 1 -1.6
v 0.5 1 -1.6
v 0.6 1 -1.6
v -1.4 1.1 1.6
v -1.3 1.1 1.6
v 0.4 1.1 1.6
v 0.5 1.1 1.6
v 0.6 1.1 1.6
v 0.7 1.1 1.6
v 0.8 1.1 1.6
v 0.9 1.1 1.6
v -1.4 1.1 1.5
v -1.3 1.1 1.5
v 0.4 1.1 1.5
v 0.5 1.1 1.5
v 0.6 1.1 1.5
v 0.7 1.1 1.5
v 0.8 1.1 1.5
v 0.9 1.1 1.5
v -1.6 1.1 1.4
v -1.5 1.1 1.4
v -1.6 1.1 1.3
v -1.5 1.1 1.3
v -1.6 1.1 1.2
v -1.5 1.1 1.2
v -1.6 1.1 1.1
v -1.5 1.1 1.1
v -1.6 1.1 1
v -1.5 1.1 1
v -1.6 1.1 0.9
v -1.5 1.1 0.9
v 1.5 1.1 0.9
v 1.6 1.1 0.9
v 1.5 1.1 0.8
v 1.6 1.1 0.8
v 1.5 1.1 0.7
v 1.6 1.1 0.7
v 1.5 1.1 0.6
v 1.6 1.1 0.6
v 1.5 1.1 -0.5
v 1.6 1.1 -0.5
v 1.5 1.1 -0.6
v 1.6 1.1 -0.6
v 1.5 1.1 -0.7
v 1.6 1.1 -0.7
v -1.6 1.1 -0.8
v -1.5 1.1 -0.8
v 1.5 1.1 -0.8
v 1.6 1.1 -0.8
v -1.6 1.1 -0.9
v -1.5 1.1 -0.9
v 1.5 1.1 -0.9
v 1.6 1.1 -0.9
v -1.6 1.1 -1
v -1.5 1.1 -1
v 1.5 1.1 -1
v 1.6 1.1 -1
v -1.6 1.1 -1.1
v -1.5 1.1 -1.1
v 1.5 1.1 -1.1
v 1.6 1.1 -1.1
v -1.6 1.1 -1.2
v -1.5 1.1 -1.2
v 1.5 1.1 -1.2
v 1.6 1.1 -1.2
v -1.6 1.1 -1.3
v -1.5 1.1 -1.3
v 1.5 1.1 -1.3
v 1.6 1.1 -1.3
v -1.6 1.1 -1.4
v -1.5 1.1 -1.4
v 1.5 1.1 -1.4
v 1.6 1.1 -1.4
v -1.4 1.1 -1.5
v -1.3 1.1 -1.5
v -1.2 1.1 -1.5
v 0.6 1.1 -1.5
v 0.7 1.1 -1.5
v 0.8 1.1 -1.5
v 0.9 1.1 -1.5
v 1 1.1 -1.5
v 1.1 1.1 -1.5
v 1.2 1.1 -1.5
v 1.3 1.1 -1.5
v 1.4 1.1 -1.5
v -1.4 1.1 -1.6
v -1.3 1.1 -1.6
v -1.2 1.1 -1.6
v 0.6 1.1 -1.6
v 0.7 1.1 -1.6
v 0.8 1.1 -1.6
v 0.9 1.1 -1.6
v 1 1.1 -1.6
v 1.1 1.1 -1.6
v 1.2 1.1 -1.6
v 1.3 1.1 -1.6
v 1.4 1.1 -1.6
v 0.9 1.2 1.6
v 1 1.2 1.6
v 1.1 1.2 1.6
v 1.2 1.2 1.6
v 1.3 1.2 1.6
v 1.4 1.2 1.6
v 0.9 1.2 1.5
v 1 1.2 1.5
v 1.1 1.2 1.5
v 1.2 1.2 1.5
v 1.3 1.2 1.5
v 1.4 1.2 1.5
v 1.5 1.2 1.4
v 1.6 1.2 1.4
v 1.5 1.2 1.3
v 1.6 1.2 1.3
v 1.5 1.2 1.2
v 1.6 1.2 1.2
v 1.5 1.2 1.1
v 1.6 1.2 1.1
v 1.5 1.2 1
v 1.6 1.2 1
v 1.5 1.2 0.9
v 1.6 1.2 0.9
v -1.6 1.3 1.6
v -1.4 1.3 1.6
v 1.4 1.3 1.6
v 1.6 1.3 1.6
v -1.6 1.3 1.4
v -1.4 1.3 1.4
v 1.4 1.3 1.4
v 1.6 1.3 1.4
v -1.6 1.3 -1.4
v -1.4 1.3 -1.4
v 1.4 1.3 -1.4
v 1.6 1.3 -1.4
v -1.6 1.3 -1.6
v -1.4 1.3 -1.6
v 1.4 1.3 -1.6
v 1.6 1.3 -1.6

# faces
f 5/2/1 2/2/1 1/2/1
f 5/3/1 3/3/1 2/3/1
f 6/2/1 4/2/1 3/2/1
f 6/3/1 3/3/1 5/3/1
f 7/2/1 5/2/1 1/2/1
f 8/2/1 5/2/1 7/2/1
f 9/2/1 5/2/1 8/2/1
f 22/2/1 4/2/1 6/2/1
f 23/2/1 4/2/1 22/2/1
f 24/2/1 4/2/1 23/2/1
f 25/4/1 8/4/1 7/4/1
f 26/1/1 9/1/1 8/1/1
f 26/4/1 8/4/1 25/4/1
f 27/4/1 10/4/1 9/4/1
f 27/1/1 9/1/1 26/1/1
f 28/1/1 11/1/1 10/1/1
f 28/4/1 10/4/1 27/4/1
f 29/4/1 12/4/1 11/4/1
f 29/1/1 11/1/1 28/1/1
f 30/1/1 13/1/1 12/1/1
f 30/4/1 12/4/1 29/4/1
f 31/4/1 14/4/1 13/4/1
f 31/1/1 13/1/1 30/1/1
f 32/1/1 15/1/1 14/1/1
f 32/4/1 14/4/1 31/4/1
f 33/1/1 15/1/1 32/1/1
f 44/1/1 17/1/1 16/1/1
f 45/4/1 18/4/1 17/4/1
f 45/1/1 17/1/1 44/1/1
f 46/1/1 19/1/1 18/1/1
f 46/4/1 18/4/1 45/4/1
f 47/4/1 20/4/1 19/4/1
f 47/1/1 19/1/1 46/1/1
f 48/1/1 21/1/1 20/1/1
f 48/4/1 20/4/1 47/4/1
f 49/4/1 22/4/1 21/4/1
f 49/1/1 21/1/1 48/1/1
f 50/1/1 23/1/1 22/1/1
f 50/4/1 22/4/1 49/4/1
f 51/4/1 24/4/1 23/4/1
f 51/1/1 23/1/1 50/1/1
f 52/4/1 24/4/1 51/4/1
f 53/4/1 33/4/1 32/4/1
f 54/1/1 34/1/1 33/1/1
f 54/4/1 33/4/1 53/4/1
f 55/4/1 35/4/1 34/4/1
f 55/1/1 34/1/1 54/1/1
f 56/1/1 36/1/1 35/1/1
f 56/4/1 35/4/1 55/4/1
f 57/4/1 37/4/1 36/4/1
f 57/1/1 36/1/1 56/1/1
f 58/1/1 38/1/1 37/1/1
f 58/4/1 37/4/1 57/4/1
f 59/4/1 39/4/1 38/4/1
f 59/1/1 38/1/1 58/1/1
f 60/4/1 39/4/1 59/4/1
f 66/1/1 41/1/1 40/1/1
f 67/4/1 42/4/1 41/4/1
f 67/1/1 41/1/1 66/1/1
f 68/1/1 43/1/1 42/1/1
f 68/4/1 42/4/1 67/4/1
f 69/4/1 44/4/1 43/4/1
f 69/1/1 43/1/1 68/1/1
f 70/1/1 45/1/1 44/1/1
f 70/4/1 44/4/1 69/4/1
f 71/1/1 45/1/1 70/1/1
f 72/1/1 60/1/1 59/1/1
f 73/4/1 61/4/1 60/4/1
f 73/1/1 60/1/1 72/1/1
f 74/1/1 62/1/1 61/1/1
f 74/4/1 61/4/1 73/4/1
f 75/1/1 62/1/1 74/1/1
f 76/1/1 64/1/1 63/1/1
f 77/4/1 65/4/1 64/4/1
f 77/1/1 64/1/1 76/1/1
f 78/1/1 66/1/1 65/1/1
f 78/4/1 65/4/1 77/4/1
f 79/4/1 67/4/1 66/4/1
f 79/1/1 66/1/1 78/1/1
f 80/4/1 67/4/1 79/4/1
f 83/4/1 76/4/1 75/4/1
f 84/4/1 76/4/1 83/4/1
f 94/4/1 82/4/1 81/4/1
f 95/1/1 83/1/1 82/1/1
f 95/4/1 82/4/1 94/4/1
f 96/1/1 83/1/1 95/1/1
f 97/1/1 85/1/1 84/1/1
f 98/1/1 85/1/1 97/1/1
f 106/2/1 26/2/1 25/2/1
f 106/2/1 27/2/1 26/2/1
f 107/2/1 27/2/1 106/2/1
f 108/2/1 27/2/1 107/2/1
f 112/1/1 87/1/1 86/1/1
f 113/4/1 88/4/1 87/4/1
f 113/1/1 87/1/1 112/1/1
f 114/1/1 89/1/1 88/1/1
f 114/4/1 88/4/1 113/4/1
f 115/4/1 90/4/1 89/4/1
f 115/1/1 89/1/1 114/1/1
f 116/1/1 91/1/1 90/1/1
f 116/4/1 90/4/1 115/4/1
f 117/4/1 92/4/1 91/4/1
f 117/1/1 91/1/1 116/1/1
f 118/1/1 93/1/1 92/1/1
f 118/4/1 92/4/1 117/4/1
f 119/4/1 94/4/1 93/4/1
f 119/1/1 93/1/1 118/1/1
f 120/1/1 95/1/1 94/1/1
f 120/4/1 94/4/1 119/4/1
f 121/1/1 95/1/1 120/1/1
f 122/4/1 99/4/1 98/4/1
f 123/1/1 100/1/1 99/1/1
f 123/4/1 99/4/1 122/4/1
f 124/4/1 101/4/1 100/4/1
f 124/1/1 100/1/1 123/1/1
f 125/1/1 102/1/1 101/1/1
f 125/4/1 101/4/1 124/4/1
f 126/4/1 103/4/1 102/4/1
f 126/1/1 102/1/1 125/1/1
f 127/1/1 104/1/1 103/1/1
f 127/4/1 103/4/1 126/4/1
f 128/4/1 105/4/1 104/4/1
f 128/1/1 104/1/1 127/1/1
f 129/4/1 105/4/1 128/4/1
f 134/2/1 52/2/1 51/2/1
f 134/2/1 51/2/1 50/2/1
f 135/2/1 52/2/1 134/2/1
f 136/2/1 52/2/1 135/2/1
f 137/4/1 107/4/1 106/4/1
f 138/1/1 108/1/1 107/1/1
f 138/4/1 107/4/1 137/4/1
f 139/4/1 109/4/1 108/4/1
f 139/1/1 108/1/1 138/1/1
f 140/1/1 110/1/1 109/1/1
f 140/4/1 109/4/1 139/4/1
f 141/4/1 111/4/1 110/4/1
f 141/1/1 110/1/1 140/1/1
f 142/1/1 112/1/1 111/1/1
f 142/4/1 111/4/1 141/4/1
f 143/4/1 113/4/1 112/4/1
f 143/1/1 112/1/1 142/1/1
f 144/4/1 113/4/1 143/4/1
f 145/1/1 129/1/1 128/1/1
f 146/4/1 130/4/1 129/4/1
f 146/1/1 129/1/1 145/1/1
f 147/1/1 131/1/1 130/1/1
f 147/4/1 130/4/1 146/4/1
f 148/4/1 132/4/1 131/4/1
f 148/1/1 131/1/1 147/1/1
f 149/1/1 133/1/1 132/1/1
f 149/4/1 132/4/1 148/4/1
f 150/4/1 134/4/1 133/4/1
f 150/1/1 133/1/1 149/1/1
f 151/1/1 135/1/1 134/1/1
f 151/4/1 134/4/1 150/4/1
f 152/4/1 136/4/1 135/4/1
f 152/1/1 135/1/1 151/1/1
f 153/4/1 136/4/1 152/4/1
f 154/2/1 138/2/1 137/2/1
f 154/2/1 139/2/1 138/2/1
f 155/2/1 139/2/1 154/2/1
f 156/2/1 153/2/1 152/2/1
f 156/2/1 152/2/1 151/2/1
f 157/2/1 153/2/1 156/2/1
f 160/3/1 159/3/1 158/3/1
f 161/3/1 159/3/1 160/3/1
f 164/3/1 163/3/1 162/3/1
f 165/3/1 163/3/1 164/3/1
f 166/3/1 163/3/1 165/3/1
f 167/3/1 163/3/1 166/3/1
f 168/3/1 166/3/1 165/3/1
f 169/3/1 166/3/1 168/3/1
f 174/1/1 171/1/1 170/1/1
f 175/1/1 171/1/1 174/1/1
f 176/1/1 173/1/1 172/1/1
f 177/1/1 173/1/1 176/1/1
f 180/1/1 179/1/1 178/1/1
f 181/1/1 179/1/1 180/1/1
f 186/4/1 183/4/1 182/4/1
f 187/4/1 183/4/1 186/4/1
f 188/1/1 185/1/1 184/1/1
f 189/1/1 185/1/1 188/1/1
f 192/4/1 191/4/1 190/4/1
f 193/4/1 191/4/1 192/4/1
f 196/4/1 195/4/1 194/4/1
f 197/4/1 195/4/1 196/4/1
f 200/1/1 199/1/1 198/1/1
f 201/1/1 199/1/1 200/1/1
f 204/1/1 203/1/1 202/1/1
f 205/1/1 203/1/1 204/1/1
f 208/4/1 207/4/1 206/4/1
f 209/4/1 207/4/1 208/4/1
f 212/4/1 211/4/1 210/4/1
f 213/4/1 211/4/1 212/4/1
f 216/3/1 215/3/1 214/3/1
f 217/3/1 215/3/1 216/3/1
f 222/3/1 219/3/1 218/3/1
f 223/3/1 219/3/1 222/3/1
f 224/3/1 221/3/1 220/3/1
f 225/3/1 221/3/1 224/3/1
f 230/3/1 227/3/1 226/3/1
f 231/3/1 227/3/1 230/3/1
f 232/3/1 229/3/1 228/3/1
f 233/3/1 229/3/1 232/3/1
f 238/3/1 235/3/1 234/3/1
f 239/3/1 235/3/1 238/3/1
f 240/3/1 237/3/1 236/3/1
f 241/3/1 237/3/1 240/3/1
f 244/4/1 243/4/1 242/4/1
f 245/4/1 243/4/1 244/4/1
f 254/3/1 247/3/1 246/3/1
f 255/3/1 247/3/1 254/3/1
f 256/3/1 249/3/1 248/3/1
f 257/3/1 249/3/1 256/3/1
f 258/3/1 251/3/1 250/3/1
f 259/3/1 251/3/1 258/3/1
f 260/3/1 253/3/1 252/3/1
f 261/3/1 253/3/1 260/3/1
f 266/3/1 263/3/1 262/3/1
f 267/3/1 263/3/1 266/3/1
f 268/3/1 265/3/1 264/3/1
f 269/3/1 265/3/1 268/3/1
f 270/3/1 268/3/1 267/3/1
f 271/3/1 268/3/1 270/3/1
f 274/3/1 273/3/1 272/3/1
f 275/3/1 273/3/1 274/3/1
f 279/3/1 277/3/1 276/3/1
f 280/3/1 277/3/1 279/3/1
f 281/3/1 279/3/1 278/3/1
f 282/3/1 279/3/1 281/3/1
f 287/3/1 284/3/1 283/3/1
f 288/3/1 284/3/1 287/3/1
f 289/1/1 286/1/1 285/1/1
f 290/1/1 286/1/1 289/1/1
f 293/1/1 292/1/1 291/1/1
f 294/1/1 292/1/1 293/1/1
f 297/3/1 296/3/1 295/3/1
f 298/3/1 296/3/1 297/3/1
f 301/3/1 300/3/1 299/3/1
f 302/3/1 300/3/1 301/3/1
f 305/4/1 304/4/1 303/4/1
f 306/4/1 304/4/1 305/4/1
f 309/3/1 308/3/1 307/3/1
f 310/3/1 308/3/1 309/3/1
f 313/4/1 312/4/1 311/4/1
f 314/4/1 312/4/1 313/4/1
f 317/3/1 316/3/1 315/3/1
f 318/3/1 316/3/1 317/3/1
f 321/4/1 320/4/1 319/4/1
f 322/4/1 320/4/1 321/4/1
f 325/3/1 324/3/1 323/3/1
f 326/3/1 324/3/1 325/3/1
f 329/3/1 328/3/1 327/3/1
f 330/3/1 328/3/1 329/3/1
f 335/3/1 332/3/1 331/3/1
f 336/3/1 334/3/1 333/3/1
f 337/3/1 334/3/1 336/3/1
f 339/3/1 335/3/1 331/3/1
f 339/3/1 338/3/1 337/3/1
f 339/3/1 337/3/1 336/3/1
f 339/3/1 336/3/1 335/3/1
f 340/3/1 338/3/1 339/3/1
f 343/4/1 342/4/1 341/4/1
f 344/4/1 342/4/1 343/4/1
f 347/3/1 346/3/1 345/3/1
f 348/3/1 346/3/1 347/3/1
f 353/3/1 350/3/1 349/3/1
f 354/3/1 350/3/1 353/3/1
f 355/3/1 352/3/1 351/3/1
f 356/3/1 352/3/1 355/3/1
f 359/3/1 358/3/1 357/3/1
f 360/3/1 358/3/1 359/3/1
f 367/3/1 362/3/1 361/3/1
f 368/3/1 362/3/1 367/3/1
f 369/3/1 364/3/1 363/3/1
f 370/3/1 364/3/1 369/3/1
f 371/3/1 366/3/1 365/3/1
f 372/3/1 366/3/1 371/3/1
f 377/2/1 374/2/1 373/2/1
f 380/2/1 376/2/1 375/2/1
f 381/2/1 378/2/1 377/2/1
f 381/2/1 377/2/1 373/2/1
f 382/2/1 378/2/1 381/2/1
f 383/2/1 380/2/1 379/2/1
f 383/2/1 376/2/1 380/2/1
f 384/2/1 376/2/1 383/2/1
f 386/2/1 378/2/1 382/2/1
f 387/2/1 383/2/1 379/2/1
f 389/2/1 387/2/1 379/2/1
f 389/2/1 388/2/1 387/2/1
f 390/2/1 388/2/1 389/2/1
f 391/2/1 386/2/1 385/2/1
f 392/2/1 378/2/1 386/2/1
f 392/2/1 386/2/1 391/2/1
f 393/2/1 389/2/1 379/2/1
f 396/2/1 378/2/1 392/2/1
f 397/2/1 396/2/1 395/2/1
f 398/2/1 378/2/1 396/2/1
f 398/2/1 396/2/1 397/2/1
f 399/2/1 393/2/1 379/2/1
f 399/2/1 394/2/1 393/2/1
f 400/2/1 394/2/1 399/2/1
f 416/4/1 402/4/1 401/4/1
f 417/1/1 403/1/1 402/1/1
f 417/4/1 402/4/1 416/4/1
f 418/4/1 404/4/1 403/4/1
f 418/1/1 403/1/1 417/1/1
f 419/1/1 405/1/1 404/1/1
f 419/4/1 404/4/1 418/4/1
f 420/4/1 406/4/1 405/4/1
f 420/1/1 405/1/1 419/1/1
f 421/1/1 407/1/1 406/1/1
f 421/4/1 406/4/1 420/4/1
f 422/1/1 407/1/1 421/1/1
f 430/4/1 409/4/1 408/4/1
f 431/1/1 410/1/1 409/1/1
f 431/4/1 409/4/1 430/4/1
f 432/4/1 411/4/1 410/4/1
f 432/1/1 410/1/1 431/1/1
f 433/1/1 412/1/1 411/1/1
f 433/4/1 411/4/1 432/4/1
f 434/4/1 413/4/1 412/4/1
f 434/1/1 412/1/1 433/1/1
f 435/1/1 414/1/1 413/1/1
f 435/4/1 413/4/1 434/4/1
f 436/4/1 415/4/1 414/4/1
f 436/1/1 414/1/1 435/1/1
f 437/4/1 415/4/1 436/4/1
f 438/4/1 422/4/1 421/4/1
f 439/1/1 423/1/1 422/1/1
f 439/4/1 422/4/1 438/4/1
f 440/4/1 424/4/1 423/4/1
f 440/1/1 423/1/1 439/1/1
f 441/1/1 425/1/1 424/1/1
f 441/4/1 424/4/1 440/4/1
f 442/4/1 426/4/1 425/4/1
f 442/1/1 425/1/1 441/1/1
f 443/4/1 426/4/1 442/4/1
f 451/4/1 428/4/1 427/4/1
f 452/1/1 429/1/1 428/1/1
f 452/4/1 428/4/1 451/4/1
f 453/4/1 430/4/1 429/4/1
f 453/1/1 429/1/1 452/1/1
f 454/1/1 431/1/1 430/1/1
f 454/4/1 430/4/1 453/4/1
f 455/1/1 431/1/1 454/1/1
f 456/1/1 443/1/1 442/1/1
f 457/4/1 444/4/1 443/4/1
f 457/1/1 443/1/1 456/1/1
f 458/1/1 445/1/1 444/1/1
f 458/4/1 444/4/1 457/4/1
f 459/4/1 446/4/1 445/4/1
f 459/1/1 445/1/1 458/1/1
f 460/1/1 447/1/1 446/1/1
f 460/4/1 446/4/1 459/4/1
f 461/1/1 447/1/1 460/1/1
f 462/1/1 449/1/1 448/1/1
f 463/4/1 450/4/1 449/4/1
f 463/1/1 449/1/1 462/1/1
f 464/1/1 451/1/1 450/1/1
f 464/4/1 450/4/1 463/4/1
f 465/1/1 451/1/1 464/1/1
f 467/4/1 462/4/1 461/4/1
f 468/4/1 462/4/1 467/4/1
f 476/1/1 467/1/1 466/1/1
f 477/1/1 467/1/1 476/1/1
f 478/1/1 469/1/1 468/1/1
f 479/1/1 469/1/1 478/1/1
f 486/1/1 471/1/1 470/1/1
f 487/4/1 472/4/1 471/4/1
f 487/1/1 471/1/1 486/1/1
f 488/1/1 473/1/1 472/1/1
f 488/4/1 472/4/1 487/4/1
f 489/4/1 474/4/1 473/4/1
f 489/1/1 473/1/1 488/1/1
f 490/1/1 475/1/1 474/1/1
f 490/4/1 474/4/1 489/4/1
f 491/4/1 476/4/1 475/4/1
f 491/1/1 475/1/1 490/1/1
f 492/4/1 476/4/1 491/4/1
f 493/4/1 480/4/1 479/4/1
f 494/1/1 481/1/1 480/1/1
f 494/4/1 480/4/1 493/4/1
f 495/4/1 482/4/1 481/4/1
f 495/1/1 481/1/1 494/1/1
f 496/4/1 482/4/1 495/4/1
f 510/1/1 484/1/1 483/1/1
f 511/4/1 485/4/1 484/4/1
f 511/1/1 484/1/1 510/1/1
f 512/1/1 486/1/1 485/1/1
f 512/4/1 485/4/1 511/4/1
f 513/4/1 487/4/1 486/4/1
f 513/1/1 486/1/1 512/1/1
f 514/4/1 487/4/1 513/4/1
f 515/1/1 497/1/1 496/1/1
f 516/4/1 498/4/1 497/4/1
f 516/1/1 497/1/1 515/1/1
f 517/1/1 499/1/1 498/1/1
f 517/4/1 498/4/1 516/4/1
f 518/4/1 500/4/1 499/4/1
f 518/1/1 499/1/1 517/1/1
f 519/1/1 501/1/1 500/1/1
f 519/4/1 500/4/1 518/4/1
f 520/4/1 502/4/1 501/4/1
f 520/1/1 501/1/1 519/1/1
f 521/1/1 503/1/1 502/1/1
f 521/4/1 502/4/1 520/4/1
f 522/4/1 504/4/1 503/4/1
f 522/1/1 503/1/1 521/1/1
f 523/1/1 505/1/1 504/1/1
f 523/4/1 504/4/1 522/4/1
f 524/1/1 505/1/1 523/1/1
f 525/4/1 507/4/1 506/4/1
f 526/1/1 508/1/1 507/1/1
f 526/4/1 507/4/1 525/4/1
f 527/4/1 509/4/1 508/4/1
f 527/1/1 508/1/1 526/1/1
f 528/1/1 510/1/1 509/1/1
f 528/4/1 509/4/1 527/4/1
f 529/4/1 511/4/1 510/4/1
f 529/1/1 510/1/1 528/1/1
f 530/4/1 511/4/1 529/4/1
f 531/4/2 532/4/2 545/4/2
f 532/1/2 533/1/2 546/1/2
f 545/4/2 532/4/2 546/4/2
f 533/4/2 534/4/2 547/4/2
f 546/1/2 533/1/2 547/1/2
f 534/1/2 535/1/2 548/1/2
f 547/4/2 534/4/2 548/4/2
f 535/4/2 536/4/2 549/4/2
f 548/1/2 535/1/2 549/1/2
f 536/1/2 537/1/2 550/1/2
f 549/4/2 536/4/2 550/4/2
f 550/1/2 537/1/2 551/1/2
f 538/1/2 539/1/2 562/1/2
f 539/4/2 540/4/2 563/4/2
f 562/1/2 539/1/2 563/1/2
f 540/1/2 541/1/2 564/1/2
f 563/4/2 540/4/2 564/4/2
f 541/4/2 542/4/2 565/4/2
f 564/1/2 541/1/2 565/1/2
f 542/1/2 543/1/2 566/1/2
f 565/4/2 542/4/2 566/4/2
f 543/4/2 544/4/2 567/4/2
f 566/1/2 543/1/2 567/1/2
f 567/4/2 544/4/2 568/4/2
f 550/4/2 551/4/2 569/4/2
f 551/1/2 552/1/2 570/1/2
f 569/4/2 551/4/2 570/4/2
f 552/4/2 553/4/2 571/4/2
f 570/1/2 552/1/2 571/1/2
f 553/1/2 554/1/2 572/1/2
f 571/4/2 553/4/2 572/4/2
f 554/4/2 555/4/2 573/4/2
f 572/1/2 554/1/2 573/1/2
f 555/1/2 556/1/2 574/1/2
f 573/4/2 555/4/2 574/4/2
f 556/4/2 557/4/2 575/4/2
f 574/1/2 556/1/2 575/1/2
f 575/4/2 557/4/2 576/4/2
f 558/1/2 559/1/2 582/1/2
f 559/4/2 560/4/2 583/4/2
f 582/1/2 559/1/2 583/1/2
f 560/1/2 561/1/2 584/1/2
f 583/4/2 560/4/2 584/4/2
f 561/4/2 562/4/2 585/4/2
f 584/1/2 561/1/2 585/1/2
f 562/1/2 563/1/2 586/1/2
f 585/4/2 562/4/2 586/4/2
f 586/1/2 563/1/2 587/1/2
f 575/1/2 576/1/2 588/1/2
f 576/4/2 577/4/2 589/4/2
f 588/1/2 576/1/2 589/1/2
f 577/1/2 578/1/2 590/1/2
f 589/4/2 577/4/2 590/4/2
f 590/1/2 578/1/2 591/1/2
f 579/1/2 580/1/2 592/1/2
f 580/4/2 581/4/2 593/4/2
f 592/1/2 580/1/2 593/1/2
f 581/1/2 582/1/2 594/1/2
f 593/4/2 581/4/2 594/4/2
f 582/4/2 583/4/2 595/4/2
f 594/1/2 582/1/2 595/1/2
f 595/4/2 583/4/2 596/4/2
f 591/4/2 592/4/2 599/4/2
f 599/4/2 592/4/2 600/4/2
f 597/4/2 598/4/2 610/4/2
f 598/1/2 599/1/2 611/1/2
f 610/4/2 598/4/2 611/4/2
f 611/1/2 599/1/2 612/1/2
f 600/1/2 601/1/2 613/1/2
f 613/1/2 601/1/2 614/1/2
f 602/1/2 603/1/2 626/1/2
f 603/4/2 604/4/2 627/4/2
f 626/1/2 603/1/2 627/1/2
f 604/1/2 605/1/2 628/1/2
f 627/4/2 604/4/2 628/4/2
f 605/4/2 606/4/2 629/4/2
f 628/1/2 605/1/2 629/1/2
f 606/1/2 607/1/2 630/1/2
f 629/4/2 606/4/2 630/4/2
f 607/4/2 608/4/2 631/4/2
f 630/1/2 607/1/2 631/1/2
f 608/1/2 609/1/2 632/1/2
f 631/4/2 608/4/2 632/4/2
f 609/4/2 610/4/2 633/4/2
f 632/1/2 609/1/2 633/1/2
f 610/1/2 611/1/2 634/1/2
f 633/4/2 610/4/2 634/4/2
f 634/1/2 611/1/2 635/1/2
f 614/4/2 615/4/2 636/4/2
f 615/1/2 616/1/2 637/1/2
f 636/4/2 615/4/2 637/4/2
f 616/4/2 617/4/2 638/4/2
f 637/1/2 616/1/2 638/1/2
f 617/1/2 618/1/2 639/1/2
f 638/4/2 617/4/2 639/4/2
f 618/4/2 619/4/2 640/4/2
f 639/1/2 618/1/2 640/1/2
f 619/1/2 620/1/2 641/1/2
f 640/4/2 619/4/2 641/4/2
f 620/4/2 621/4/2 642/4/2
f 641/1/2 620/1/2 642/1/2
f 642/4/2 621/4/2 643/4/2
f 622/4/2 623/4/2 649/4/2
f 623/1/2 624/1/2 650/1/2
f 649/4/2 623/4/2 650/4/2
f 624/4/2 625/4/2 651/4/2
f 650/1/2 624/1/2 651/1/2
f 625/1/2 626/1/2 652/1/2
f 651/4/2 625/4/2 652/4/2
f 626/4/2 627/4/2 653/4/2
f 652/1/2 626/1/2 653/1/2
f 653/4/2 627/4/2 654/4/2
f 642/1/2 643/1/2 655/1/2
f 643/4/2 644/4/2 656/4/2
f 655/1/2 643/1/2 656/1/2
f 644/1/2 645/1/2 657/1/2
f 656/4/2 644/4/2 657/4/2
f 645/4/2 646/4/2 658/4/2
f 657/1/2 645/1/2 658/1/2
f 646/1/2 647/1/2 659/1/2
f 658/4/2 646/4/2 659/4/2
f 647/4/2 648/4/2 660/4/2
f 659/1/2 647/1/2 660/1/2
f 660/4/2 648/4/2 661/4/2
f 662/2/2 663/2/2 666/2/2
f 664/2/2 665/2/2 669/2/2
f 666/2/2 667/2/2 670/2/2
f 662/2/2 666/2/2 670/2/2
f 670/2/2 667/2/2 671/2/2
f 671/2/2 667/2/2 672/2/2
f 668/2/2 669/2/2 673/2/2
f 669/2/2 665/2/2 674/2/2
f 673/2/2 669/2/2 674/2/2
f 674/2/2 665/2/2 675/2/2
f 671/4/2 672/4/2 677/4/2
f 677/4/2 672/4/2 678/4/2
f 673/4/2 674/4/2 679/4/2
f 679/4/2 674/4/2 680/4/2
f 677/2/2 678/2/2 682/2/2
f 676/2/2 677/2/2 682/2/2
f 682/2/2 678/2/2 683/2/2
f 680/2/2 681/2/2 684/2/2
f 679/2/2 680/2/2 684/2/2
f 684/2/2 681/2/2 685/2/2
f 683/2/2 678/2/2 687/2/2
f 679/2/2 684/2/2 688/2/2
f 686/2/2 687/2/2 690/2/2
f 687/2/2 678/2/2 691/2/2
f 690/2/2 687/2/2 691/2/2
f 688/2/2 689/2/2 692/2/2
f 679/2/2 688/2/2 692/2/2
f 692/2/2 689/2/2 693/2/2
f 691/2/2 678/2/2 695/2/2
f 679/2/2 692/2/2 696/2/2
f 694/2/2 695/2/2 698/2/2
f 695/2/2 678/2/2 699/2/2
f 698/2/2 695/2/2 699/2/2
f 696/2/2 697/2/2 700/2/2
f 679/2/2 696/2/2 700/2/2
f 700/2/2 697/2/2 701/2/2
f 702/4/2 703/4/2 706/4/2
f 706/4/2 703/4/2 707/4/2
f 704/4/2 705/4/2 708/4/2
f 708/4/2 705/4/2 709/4/2
f 710/4/2 711/4/2 712/4/2
f 712/4/2 711/4/2 713/4/2
f 714/1/2 715/1/2 716/1/2
f 716/1/2 715/1/2 717/1/2
f 718/1/2 719/1/2 720/1/2
f 720/1/2 719/1/2 721/1/2
f 722/1/2 723/1/2 724/1/2
f 724/1/2 723/1/2 725/1/2
f 726/3/2 727/3/2 730/3/2
f 730/3/2 727/3/2 731/3/2
f 728/3/2 729/3/2 733/3/2
f 733/3/2 729/3/2 734/3/2
f 731/3/2 732/3/2 735/3/2
f 735/3/2 732/3/2 736/3/2
f 737/4/2 738/4/2 741/4/2
f 741/4/2 738/4/2 742/4/2
f 739/4/2 740/4/2 743/4/2
f 743/4/2 740/4/2 744/4/2
f 745/4/2 746/4/2 749/4/2
f 749/4/2 746/4/2 750/4/2
f 747/4/2 748/4/2 751/4/2
f 751/4/2 748/4/2 752/4/2
f 753/4/2 754/4/2 755/4/2
f 755/4/2 754/4/2 756/4/2
f 757/3/2 758/3/2 759/3/2
f 759/3/2 758/3/2 760/3/2
f 761/3/2 762/3/2 763/3/2
f 763/3/2 762/3/2 764/3/2
f 765/1/2 766/1/2 769/1/2
f 769/1/2 766/1/2 770/1/2
f 767/1/2 768/1/2 771/1/2
f 771/1/2 768/1/2 772/1/2
f 773/3/2 774/3/2 775/3/2
f 775/3/2 774/3/2 776/3/2
f 777/3/2 778/3/2 781/3/2
f 781/3/2 778/3/2 782/3/2
f 779/3/2 780/3/2 783/3/2
f 783/3/2 780/3/2 784/3/2
f 785/1/2 786/1/2 787/1/2
f 787/1/2 786/1/2 788/1/2
f 789/3/2 790/3/2 795/3/2
f 795/3/2 790/3/2 796/3/2
f 791/3/2 792/3/2 797/3/2
f 797/3/2 792/3/2 798/3/2
f 793/3/2 794/3/2 799/3/2
f 799/3/2 794/3/2 800/3/2
f 801/3/2 802/3/2 803/3/2
f 803/3/2 802/3/2 804/3/2
f 805/3/2 806/3/2 807/3/2
f 807/3/2 806/3/2 808/3/2
f 809/3/2 810/3/2 811/3/2
f 811/3/2 810/3/2 812/3/2
f 813/3/2 814/3/2 815/3/2
f 815/3/2 814/3/2 816/3/2
f 817/3/2 818/3/2 820/3/2
f 820/3/2 818/3/2 821/3/2
f 819/3/2 820/3/2 822/3/2
f 822/3/2 820/3/2 823/3/2
f 824/3/2 825/3/2 826/3/2
f 826/3/2 825/3/2 827/3/2
f 828/4/2 829/4/2 830/4/2
f 830/4/2 829/4/2 831/4/2
f 832/4/2 833/4/2 834/4/2
f 834/4/2 833/4/2 835/4/2
f 836/3/2 837/3/2 838/3/2
f 838/3/2 837/3/2 839/3/2
f 840/1/2 841/1/2 842/1/2
f 842/1/2 841/1/2 843/1/2
f 844/3/2 845/3/2 846/3/2
f 846/3/2 845/3/2 847/3/2
f 848/3/2 849/3/2 850/3/2
f 850/3/2 849/3/2 851/3/2
f 852/1/2 853/1/2 854/1/2
f 854/1/2 853/1/2 855/1/2
f 856/3/2 857/3/2 858/3/2
f 858/3/2 857/3/2 859/3/2
f 860/3/2 861/3/2 862/3/2
f 862/3/2 861/3/2 863/3/2
f 864/1/2 865/1/2 866/1/2
f 866/1/2 865/1/2 867/1/2
f 868/3/2 869/3/2 870/3/2
f 870/3/2 869/3/2 871/3/2
f 872/3/2 873/3/2 874/3/2
f 874/3/2 873/3/2 875/3/2
f 876/1/2 877/1/2 878/1/2
f 878/1/2 877/1/2 879/1/2
f 880/3/2 881/3/2 884/3/2
f 884/3/2 881/3/2 885/3/2
f 882/3/2 883/3/2 886/3/2
f 886/3/2 883/3/2 887/3/2
f 888/3/2 889/3/2 894/3/2
f 894/3/2 889/3/2 895/3/2
f 890/3/2 891/3/2 896/3/2
f 896/3/2 891/3/2 897/3/2
f 892/3/2 893/3/2 898/3/2
f 898/3/2 893/3/2 899/3/2
f 900/3/2 901/3/2 902/3/2
f 902/3/2 901/3/2 903/3/2
f 904/3/2 905/3/2 906/3/2
f 906/3/2 905/3/2 907/3/2
f 908/2/2 909/2/2 912/2/2
f 909/3/2 910/3/2 912/3/2
f 910/2/2 911/2/2 913/2/2
f 912/3/2 910/3/2 913/3/2
f 908/2/2 912/2/2 914/2/2
f 914/2/2 912/2/2 915/2/2
f 915/2/2 912/2/2 916/2/2
f 913/2/2 911/2/2 930/2/2
f 930/2/2 911/2/2 931/2/2
f 931/2/2 911/2/2 932/2/2
f 914/4/2 915/4/2 933/4/2
f 915/1/2 916/1/2 934/1/2
f 933/4/2 915/4/2 934/4/2
f 916/4/2 917/4/2 935/4/2
f 934/1/2 916/1/2 935/1/2
f 917/1/2 918/1/2 936/1/2
f 935/4/2 917/4/2 936/4/2
f 918/4/2 919/4/2 937/4/2
f 936/1/2 918/1/2 937/1/2
f 919/1/2 920/1/2 938/1/2
f 937/4/2 919/4/2 938/4/2
f 920/4/2 921/4/2 939/4/2
f 938/1/2 920/1/2 939/1/2
f 921/1/2 922/1/2 940/1/2
f 939/4/2 921/4/2 940/4/2
f 940/1/2 922/1/2 941/1/2
f 923/4/2 924/4/2 949/4/2
f 924/1/2 925/1/2 950/1/2
f 949/4/2 924/4/2 950/4/2
f 925/4/2 926/4/2 951/4/2
f 950/1/2 925/1/2 951/1/2
f 926/1/2 927/1/2 952/1/2
f 951/4/2 926/4/2 952/4/2
f 927/4/2 928/4/2 953/4/2
f 952/1/2 927/1/2 953/1/2
f 928/1/2 929/1/2 954/1/2
f 953/4/2 928/4/2 954/4/2
f 929/4/2 930/4/2 955/4/2
f 954/1/2 929/1/2 955/1/2
f 930/1/2 931/1/2 956/1/2
f 955/4/2 930/4/2 956/4/2
f 931/4/2 932/4/2 957/4/2
f 956/1/2 931/1/2 957/1/2
f 957/4/2 932/4/2 958/4/2
f 940/4/2 941/4/2 959/4/2
f 941/1/2 942/1/2 960/1/2
f 959/4/2 941/4/2 960/4/2
f 942/4/2 943/4/2 961/4/2
f 960/1/2 942/1/2 961/1/2
f 943/1/2 944/1/2 962/1/2
f 961/4/2 943/4/2 962/4/2
f 944/4/2 945/4/2 963/4/2
f 962/1/2 944/1/2 963/1/2
f 963/4/2 945/4/2 964/4/2
f 946/4/2 947/4/2 972/4/2
f 947/1/2 948/1/2 973/1/2
f 972/4/2 947/4/2 973/4/2
f 948/4/2 949/4/2 974/4/2
f 973/1/2 948/1/2 974/1/2
f 949/1/2 950/1/2 975/1/2
f 974/4/2 949/4/2 975/4/2
f 975/1/2 950/1/2 976/1/2
f 963/1/2 964/1/2 977/1/2
f 964/4/2 965/4/2 978/4/2
f 977/1/2 964/1/2 978/1/2
f 965/1/2 966/1/2 979/1/2
f 978/4/2 965/4/2 979/4/2
f 966/4/2 967/4/2 980/4/2
f 979/1/2 966/1/2 980/1/2
f 967/1/2 968/1/2 981/1/2
f 980/4/2 967/4/2 981/4/2
f 981/1/2 968/1/2 982/1/2
f 969/1/2 970/1/2 983/1/2
f 970/4/2 971/4/2 984/4/2
f 983/1/2 970/1/2 984/1/2
f 971/1/2 972/1/2 985/1/2
f 984/4/2 971/4/2 985/4/2
f 985/1/2 972/1/2 986/1/2
f 982/4/2 983/4/2 988/4/2
f 988/4/2 983/4/2 989/4/2
f 987/1/2 988/1/2 997/1/2
f 997/1/2 988/1/2 998/1/2
f 989/1/2 990/1/2 999/1/2
f 999/1/2 990/1/2 1000/1/2
f 991/1/2 992/1/2 1007/1/2
f 992/4/2 993/4/2 1008/4/2
f 1007/1/2 992/1/2 1008/1/2
f 993/1/2 994/1/2 1009/1/2
f 1008/4/2 993/4/2 1009/4/2
f 994/4/2 995/4/2 1010/4/2
f 1009/1/2 994/1/2 1010/1/2
f 995/1/2 996/1/2 1011/1/2
f 1010/4/2 995/4/2 1011/4/2
f 996/4/2 997/4/2 1012/4/2
f 1011/1/2 996/1/2 1012/1/2
f 1012/4/2 997/4/2 1013/4/2
f 1000/4/2 1001/4/2 1014/4/2
f 1001/1/2 1002/1/2 1015/1/2
f 1014/4/2 1001/4/2 1015/4/2
f 1002/4/2 1003/4/2 1016/4/2
f 1015/1/2 1002/1/2 1016/1/2
f 1016/4/2 1003/4/2 1017/4/2
f 957/2/2 958/2/2 1026/2/2
f 956/2/2 957/2/2 1026/2/2
f 1026/2/2 958/2/2 1027/2/2
f 1027/2/2 958/2/2 1028/2/2
f 933/2/2 934/2/2 1029/2/2
f 934/2/2 935/2/2 1029/2/2
f 1029/2/2 935/2/2 1030/2/2
f 1030/2/2 935/2/2 1031/2/2
f 1004/1/2 1005/1/2 1035/1/2
f 1005/4/2 1006/4/2 1036/4/2
f 1035/1/2 1005/1/2 1036/1/2
f 1006/1/2 1007/1/2 1037/1/2
f 1036/4/2 1006/4/2 1037/4/2
f 1007/4/2 1008/4/2 1038/4/2
f 1037/1/2 1007/1/2 1038/1/2
f 1038/4/2 1008/4/2 1039/4/2
f 1017/1/2 1018/1/2 1040/1/2
f 1018/4/2 1019/4/2 1041/4/2
f 1040/1/2 1018/1/2 1041/1/2
f 1019/1/2 1020/1/2 1042/1/2
f 1041/4/2 1019/4/2 1042/4/2
f 1020/4/2 1021/4/2 1043/4/2
f 1042/1/2 1020/1/2 1043/1/2
f 1021/1/2 1022/1/2 1044/1/2
f 1043/4/2 1021/4/2 1044/4/2
f 1022/4/2 1023/4/2 1045/4/2
f 1044/1/2 1022/1/2 1045/1/2
f 1023/1/2 1024/1/2 1046/1/2
f 1045/4/2 1023/4/2 1046/4/2
f 1024/4/2 1025/4/2 1047/4/2
f 1046/1/2 1024/1/2 1047/1/2
f 1025/1/2 1026/1/2 1048/1/2
f 1047/4/2 1025/4/2 1048/4/2
f 1026/4/2 1027/4/2 1049/4/2
f 1048/1/2 1026/1/2 1049/1/2
f 1027/1/2 1028/1/2 1050/1/2
f 1049/4/2 1027/4/2 1050/4/2
f 1050/1/2 1028/1/2 1051/1/2
f 1029/4/2 1030/4/2 1052/4/2
f 1030/1/2 1031/1/2 1053/1/2
f 1052/4/2 1030/4/2 1053/4/2
f 1031/4/2 1032/4/2 1054/4/2
f 1053/1/2 1031/1/2 1054/1/2
f 1032/1/2 1033/1/2 1055/1/2
f 1054/4/2 1032/4/2 1055/4/2
f 1033/4/2 1034/4/2 1056/4/2
f 1055/1/2 1033/1/2 1056/1/2
f 1034/1/2 1035/1/2 1057/1/2
f 1056/4/2 1034/4/2 1057/4/2
f 1035/4/2 1036/4/2 1058/4/2
f 1057/1/2 1035/1/2 1058/1/2
f 1058/4/2 1036/4/2 1059/4/2
f 1053/2/2 1054/2/2 1060/2/2
f 1052/2/2 1053/2/2 1060/2/2
f 1060/2/2 1054/2/2 1061/2/2
f 1050/2/2 1051/2/2 1062/2/2
f 1049/2/2 1050/2/2 1062/2/2
f 1062/2/2 1051/2/2 1063/2/2
f 1070/2/3 1065/2/3 1064/2/3
f 1070/4/3 1066/4/3 1065/4/3
f 1071/2/3 1067/2/3 1066/2/3
f 1071/4/3 1066/4/3 1070/4/3
f 1072/4/3 1068/4/3 1067/4/3
f 1072/2/3 1067/2/3 1071/2/3
f 1073/2/3 1069/2/3 1068/2/3
f 1073/4/3 1068/4/3 1072/4/3
f 1074/2/3 1070/2/3 1064/2/3
f 1075/2/3 1070/2/3 1074/2/3
f 1076/1/3 1071/1/3 1070/1/3
f 1076/2/3 1070/2/3 1075/2/3
f 1077/2/3 1072/2/3 1071/2/3
f 1077/1/3 1071/1/3 1076/1/3
f 1078/2/3 1072/2/3 1077/2/3
f 1079/2/3 1072/2/3 1078/2/3
f 1080/1/3 1073/1/3 1072/1/3
f 1080/2/3 1072/2/3 1079/2/3
f 1081/2/3 1069/2/3 1073/2/3
f 1081/1/3 1073/1/3 1080/1/3
f 1082/2/3 1069/2/3 1081/2/3
f 1083/4/3 1077/4/3 1076/4/3
f 1084/4/3 1077/4/3 1083/4/3
f 1086/1/3 1079/1/3 1078/1/3
f 1087/1/3 1079/1/3 1086/1/3
f 1089/4/3 1081/4/3 1080/4/3
f 1090/4/3 1081/4/3 1089/4/3
f 1091/1/3 1085/1/3 1084/1/3
f 1092/1/3 1085/1/3 1091/1/3
f 1093/4/3 1087/4/3 1086/4/3
f 1094/4/3 1087/4/3 1093/4/3
f 1095/1/3 1089/1/3 1088/1/3
f 1096/1/3 1089/1/3 1095/1/3
f 1098/4/3 1093/4/3 1092/4/3
f 1099/1/3 1094/1/3 1093/1/3
f 1099/4/3 1093/4/3 1098/4/3
f 1100/4/3 1095/4/3 1094/4/3
f 1100/1/3 1094/1/3 1099/1/3
f 1101/4/3 1095/4/3 1100/4/3
f 1102/1/3 1098/1/3 1097/1/3
f 1103/1/3 1098/1/3 1102/1/3
f 1104/4/3 1100/4/3 1099/4/3
f 1105/4/3 1100/4/3 1104/4/3
f 1107/4/3 1103/4/3 1102/4/3
f 1108/4/3 1103/4/3 1107/4/3
f 1109/1/3 1105/1/3 1104/1/3
f 1110/4/3 1106/4/3 1105/4/3
f 1110/1/3 1105/1/3 1109/1/3
f 1111/4/3 1106/4/3 1110/4/3
f 1112/1/3 1108/1/3 1107/1/3
f 1113/1/3 1108/1/3 1112/1/3
f 1114/1/3 1111/1/3 1110/1/3
f 1115/1/3 1111/1/3 1114/1/3
f 1116/4/3 1113/4/3 1112/4/3
f 1117/4/3 1113/4/3 1116/4/3
f 1118/4/3 1115/4/3 1114/4/3
f 1119/4/3 1115/4/3 1118/4/3
f 1120/1/3 1117/1/3 1116/1/3
f 1121/1/3 1117/1/3 1120/1/3
f 1122/1/3 1119/1/3 1118/1/3
f 1123/1/3 1119/1/3 1122/1/3
f 1124/4/3 1121/4/3 1120/4/3
f 1125/4/3 1121/4/3 1124/4/3
f 1126/4/3 1123/4/3 1122/4/3
f 1127/4/3 1123/4/3 1126/4/3
f 1128/1/3 1125/1/3 1124/1/3
f 1129/1/3 1125/1/3 1128/1/3
f 1130/1/3 1127/1/3 1126/1/3
f 1131/1/3 1127/1/3 1130/1/3
f 1132/4/3 1129/4/3 1128/4/3
f 1133/4/3 1129/4/3 1132/4/3
f 1134/4/3 1131/4/3 1130/4/3
f 1135/4/3 1131/4/3 1134/4/3
f 1137/1/3 1133/1/3 1132/1/3
f 1138/1/3 1133/1/3 1137/1/3
f 1139/1/3 1135/1/3 1134/1/3
f 1140/4/3 1136/4/3 1135/4/3
f 1140/1/3 1135/1/3 1139/1/3
f 1141/4/3 1136/4/3 1140/4/3
f 1142/4/3 1138/4/3 1137/4/3
f 1143/4/3 1138/4/3 1142/4/3
f 1144/1/3 1141/1/3 1140/1/3
f 1145/1/3 1141/1/3 1144/1/3
f 1146/1/3 1143/1/3 1142/1/3
f 1147/1/3 1143/1/3 1146/1/3
f 1148/4/3 1145/4/3 1144/4/3
f 1149/4/3 1145/4/3 1148/4/3
f 1150/4/3 1147/4/3 1146/4/3
f 1151/4/3 1147/4/3 1150/4/3
f 1152/1/3 1149/1/3 1148/1/3
f 1153/1/3 1149/1/3 1152/1/3
f 1155/1/3 1151/1/3 1150/1/3
f 1156/1/3 1151/1/3 1155/1/3
f 1157/4/3 1153/4/3 1152/4/3
f 1158/4/3 1153/4/3 1157/4/3
f 1159/1/3 1155/1/3 1154/1/3
f 1160/4/3 1156/4/3 1155/4/3
f 1160/1/3 1155/1/3 1159/1/3
f 1161/4/3 1156/4/3 1160/4/3
f 1162/1/3 1158/1/3 1157/1/3
f 1163/1/3 1158/1/3 1162/1/3
f 1164/4/3 1160/4/3 1159/4/3
f 1165/4/3 1160/4/3 1164/4/3
f 1166/4/3 1163/4/3 1162/4/3
f 1167/4/3 1163/4/3 1166/4/3
f 1169/1/3 1165/1/3 1164/1/3
f 1170/1/3 1165/1/3 1169/1/3
f 1171/1/3 1167/1/3 1166/1/3
f 1172/4/3 1168/4/3 1167/4/3
f 1172/1/3 1167/1/3 1171/1/3
f 1173/4/3 1168/4/3 1172/4/3
f 1174/4/3 1170/4/3 1169/4/3
f 1175/4/3 1170/4/3 1174/4/3
f 1176/1/3 1173/1/3 1172/1/3
f 1177/1/3 1173/1/3 1176/1/3
f 1178/1/3 1175/1/3 1174/1/3
f 1179/1/3 1175/1/3 1178/1/3
f 1180/4/3 1177/4/3 1176/4/3
f 1181/4/3 1177/4/3 1180/4/3
f 1182/4/3 1179/4/3 1178/4/3
f 1183/4/3 1179/4/3 1182/4/3
f 1184/1/3 1181/1/3 1180/1/3
f 1185/1/3 1181/1/3 1184/1/3
f 1186/1/3 1183/1/3 1182/1/3
f 1187/1/3 1183/1/3 1186/1/3
f 1188/4/3 1185/4/3 1184/4/3
f 1189/4/3 1185/4/3 1188/4/3
f 1191/4/3 1187/4/3 1186/4/3
f 1192/4/3 1187/4/3 1191/4/3
f 1193/1/3 1189/1/3 1188/1/3
f 1194/4/3 1190/4/3 1189/4/3
f 1194/1/3 1189/1/3 1193/1/3
f 1195/4/3 1190/4/3 1194/4/3
f 1196/1/3 1192/1/3 1191/1/3
f 1197/1/3 1192/1/3 1196/1/3
f 1198/1/3 1195/1/3 1194/1/3
f 1199/1/3 1195/1/3 1198/1/3
f 1200/4/3 1197/4/3 1196/4/3
f 1201/4/3 1197/4/3 1200/4/3
f 1202/4/3 1199/4/3 1198/4/3
f 1203/4/3 1199/4/3 1202/4/3
f 1204/1/3 1201/1/3 1200/1/3
f 1205/1/3 1201/1/3 1204/1/3
f 1206/1/3 1203/1/3 1202/1/3
f 1207/1/3 1203/1/3 1206/1/3
f 1208/3/3 1075/3/3 1074/3/3
f 1209/3/3 1075/3/3 1208/3/3
f 1210/4/3 1205/4/3 1204/4/3
f 1211/4/3 1205/4/3 1210/4/3
f 1212/4/3 1207/4/3 1206/4/3
f 1213/4/3 1207/4/3 1212/4/3
f 1215/2/3 1210/2/3 1209/2/3
f 1215/2/3 1209/2/3 1208/2/3
f 1215/1/3 1211/1/3 1210/1/3
f 1216/2/3 1212/2/3 1211/2/3
f 1216/1/3 1211/1/3 1215/1/3
f 1217/1/3 1213/1/3 1212/1/3
f 1217/2/3 1212/2/3 1216/2/3
f 1218/2/3 1214/2/3 1213/2/3
f 1218/1/3 1213/1/3 1217/1/3
f 1219/2/3 1215/2/3 1208/2/3
f 1220/4/3 1216/4/3 1215/4/3
f 1220/2/3 1215/2/3 1219/2/3
f 1221/2/3 1217/2/3 1216/2/3
f 1221/4/3 1216/4/3 1220/4/3
f 1222/4/3 1218/4/3 1217/4/3
f 1222/2/3 1217/2/3 1221/2/3
f 1223/2/3 1214/2/3 1218/2/3
f 1223/4/3 1218/4/3 1222/4/3
f 1224/2/3 1214/2/3 1223/2/3
f 1227/3/3 1226/3/3 1225/3/3
f 1228/3/3 1226/3/3 1227/3/3
f 1231/3/3 1230/3/3 1229/3/3
f 1232/3/3 1230/3/3 1231/3/3
f 1235/3/3 1234/3/3 1233/3/3
f 1236/3/3 1234/3/3 1235/3/3
f 1239/1/3 1238/1/3 1237/1/3
f 1240/1/3 1238/1/3 1239/1/3
f 1243/1/3 1242/1/3 1241/1/3
f 1244/1/3 1242/1/3 1243/1/3
f 1247/4/3 1246/4/3 1245/4/3
f 1248/4/3 1246/4/3 1247/4/3
f 1251/3/3 1250/3/3 1249/3/3
f 1252/3/3 1250/3/3 1251/3/3
f 1255/4/3 1254/4/3 1253/4/3
f 1256/4/3 1254/4/3 1255/4/3
f 1259/3/3 1258/3/3 1257/3/3
f 1260/3/3 1258/3/3 1259/3/3
f 1262/3/3 1261/3/3 1260/3/3
f 1263/3/3 1261/3/3 1262/3/3
f 1266/3/3 1265/3/3 1264/3/3
f 1267/3/3 1265/3/3 1266/3/3
f 1270/3/3 1269/3/3 1268/3/3
f 1271/3/3 1269/3/3 1270/3/3
f 1274/3/3 1273/3/3 1272/3/3
f 1275/3/3 1273/3/3 1274/3/3
f 1278/1/3 1277/1/3 1276/1/3
f 1279/1/3 1277/1/3 1278/1/3
f 1282/3/3 1281/3/3 1280/3/3
f 1283/3/3 1281/3/3 1282/3/3
f 1286/3/3 1285/3/3 1284/3/3
f 1287/3/3 1285/3/3 1286/3/3
f 1290/3/3 1289/3/3 1288/3/3
f 1291/3/3 1289/3/3 1290/3/3
f 1294/3/3 1293/3/3 1292/3/3
f 1295/3/3 1293/3/3 1294/3/3
f 1298/1/3 1297/1/3 1296/1/3
f 1299/1/3 1297/1/3 1298/1/3
f 1302/3/3 1301/3/3 1300/3/3
f 1303/3/3 1301/3/3 1302/3/3
f 1306/3/3 1305/3/3 1304/3/3
f 1307/3/3 1305/3/3 1306/3/3
f 1310/1/3 1309/1/3 1308/1/3
f 1311/1/3 1309/1/3 1310/1/3
f 1314/4/3 1313/4/3 1312/4/3
f 1315/4/3 1313/4/3 1314/4/3
f 1318/3/3 1317/3/3 1316/3/3
f 1319/3/3 1317/3/3 1318/3/3
f 1322/3/3 1321/3/3 1320/3/3
f 1323/3/3 1321/3/3 1322/3/3
f 1326/1/3 1325/1/3 1324/1/3
f 1327/1/3 1325/1/3 1326/1/3
f 1330/4/3 1329/4/3 1328/4/3
f 1331/4/3 1329/4/3 1330/4/3
f 1334/3/3 1333/3/3 1332/3/3
f 1335/3/3 1333/3/3 1334/3/3
f 1338/4/3 1337/4/3 1336/4/3
f 1339/4/3 1337/4/3 1338/4/3
f 1344/1/3 1341/1/3 1340/1/3
f 1345/1/3 1341/1/3 1344/1/3
f 1346/1/3 1343/1/3 1342/1/3
f 1347/1/3 1343/1/3 1346/1/3
f 1352/1/3 1349/1/3 1348/1/3
f 1353/1/3 1349/1/3 1352/1/3
f 1354/1/3 1351/1/3 1350/1/3
f 1355/1/3 1351/1/3 1354/1/3
f 1358/4/3 1357/4/3 1356/4/3
f 1359/4/3 1357/4/3 1358/4/3
f 1363/3/3 1361/3/3 1360/3/3
f 1364/3/3 1361/3/3 1363/3/3
f 1365/3/3 1363/3/3 1362/3/3
f 1366/3/3 1363/3/3 1365/3/3
f 1369/3/3 1368/3/3 1367/3/3
f 1370/3/3 1368/3/3 1369/3/3
f 1373/4/3 1372/4/3 1371/4/3
f 1374/4/3 1372/4/3 1373/4/3
f 1377/3/3 1376/3/3 1375/3/3
f 1378/3/3 1376/3/3 1377/3/3
f 1381/1/3 1380/1/3 1379/1/3
f 1382/1/3 1380/1/3 1381/1/3
f 1385/3/3 1384/3/3 1383/3/3
f 1386/3/3 1384/3/3 1385/3/3
f 1389/4/3 1388/4/3 1387/4/3
f 1390/4/3 1388/4/3 1389/4/3
f 1393/1/3 1392/1/3 1391/1/3
f 1394/1/3 1392/1/3 1393/1/3
f 1397/3/3 1396/3/3 1395/3/3
f 1398/3/3 1396/3/3 1397/3/3
f 1401/3/3 1400/3/3 1399/3/3
f 1402/3/3 1400/3/3 1401/3/3
f 1405/3/3 1404/3/3 1403/3/3
f 1406/3/3 1404/3/3 1405/3/3
f 1409/3/3 1408/3/3 1407/3/3
f 1410/3/3 1408/3/3 1409/3/3
f 1413/4/3 1412/4/3 1411/4/3
f 1414/4/3 1412/4/3 1413/4/3
f 1419/1/3 1416/1/3 1415/1/3
f 1420/1/3 1416/1/3 1419/1/3
f 1421/1/3 1418/1/3 1417/1/3
f 1422/1/3 1418/1/3 1421/1/3
f 1425/3/3 1424/3/3 1423/3/3
f 1426/3/3 1424/3/3 1425/3/3
f 1429/3/3 1428/3/3 1427/3/3
f 1430/3/3 1428/3/3 1429/3/3
f 1433/3/3 1432/3/3 1431/3/3
f 1434/3/3 1432/3/3 1433/3/3
f 1437/3/3 1436/3/3 1435/3/3
f 1438/3/3 1436/3/3 1437/3/3
f 1441/3/3 1440/3/3 1439/3/3
f 1442/3/3 1440/3/3 1441/3/3
f 1445/3/3 1444/3/3 1443/3/3
f 1446/3/3 1444/3/3 1445/3/3
f 1453/2/3 1448/2/3 1447/2/3
f 1454/2/3 1448/2/3 1453/2/3
f 1455/2/3 1448/2/3 1454/2/3
f 1456/2/3 1450/2/3 1449/2/3
f 1457/2/3 1450/2/3 1456/2/3
f 1458/2/3 1452/2/3 1451/2/3
f 1459/2/3 1455/2/3 1454/2/3
f 1460/4/3 1456/4/3 1455/4/3
f 1460/2/3 1455/2/3 1459/2/3
f 1461/2/3 1457/2/3 1456/2/3
f 1461/4/3 1456/4/3 1460/4/3
f 1461/2/3 1458/2/3 1457/2/3
f 1462/2/3 1452/2/3 1458/2/3
f 1462/2/3 1458/2/3 1461/2/3
f 1466/2/3 1464/2/3 1463/2/3
f 1467/2/3 1464/2/3 1466/2/3
f 1468/2/3 1464/2/3 1467/2/3
f 1469/2/3 1464/2/3 1468/2/3
f 1470/2/3 1464/2/3 1469/2/3
f 1471/2/3 1466/2/3 1465/2/3
f 1471/2/3 1467/2/3 1466/2/3
f 1472/2/3 1467/2/3 1471/2/3
f 1473/2/3 1469/2/3 1468/2/3
f 1474/2/3 1469/2/3 1473/2/3
f 1475/2/3 1464/2/3 1470/2/3
f 1476/2/3 1464/2/3 1475/2/3
f 1483/4/3 1478/4/3 1477/4/3
f 1484/4/3 1478/4/3 1483/4/3
f 1486/4/3 1480/4/3 1479/4/3
f 1487/4/3 1480/4/3 1486/4/3
f 1488/4/3 1482/4/3 1481/4/3
f 1489/4/3 1482/4/3 1488/4/3
f 1490/1/3 1485/1/3 1484/1/3
f 1491/1/3 1485/1/3 1490/1/3
f 1492/1/3 1487/1/3 1486/1/3
f 1493/1/3 1487/1/3 1492/1/3
f 1495/1/3 1489/1/3 1488/1/3
f 1496/1/3 1489/1/3 1495/1/3
f 1497/4/3 1491/4/3 1490/4/3
f 1498/1/3 1492/1/3 1491/1/3
f 1498/4/3 1491/4/3 1497/4/3
f 1499/4/3 1493/4/3 1492/4/3
f 1499/1/3 1492/1/3 1498/1/3
f 1500/4/3 1493/4/3 1499/4/3
f 1501/4/3 1495/4/3 1494/4/3
f 1502/4/3 1495/4/3 1501/4/3
f 1504/4/3 1499/4/3 1498/4/3
f 1505/4/3 1499/4/3 1504/4/3
f 1506/1/3 1501/1/3 1500/1/3
f 1507/1/3 1501/1/3 1506/1/3
f 1508/4/3 1504/4/3 1503/4/3
f 1509/1/3 1505/1/3 1504/1/3
f 1509/4/3 1504/4/3 1508/4/3
f 1510/1/3 1505/1/3 1509/1/3
f 1511/4/3 1507/4/3 1506/4/3
f 1512/4/3 1507/4/3 1511/4/3
f 1513/1/3 1509/1/3 1508/1/3
f 1514/1/3 1509/1/3 1513/1/3
f 1515/1/3 1512/1/3 1511/1/3
f 1516/1/3 1512/1/3 1515/1/3
f 1517/4/3 1514/4/3 1513/4/3
f 1518/4/3 1514/4/3 1517/4/3
f 1519/4/3 1516/4/3 1515/4/3
f 1520/4/3 1516/4/3 1519/4/3
f 1521/1/3 1518/1/3 1517/1/3
f 1522/1/3 1518/1/3 1521/1/3
f 1523/1/3 1520/1/3 1519/1/3
f 1524/1/3 1520/1/3 1523/1/3
f 1525/4/3 1522/4/3 1521/4/3
f 1526/4/3 1522/4/3 1525/4/3
f 1527/4/3 1524/4/3 1523/4/3
f 1528/4/3 1524/4/3 1527/4/3
f 1529/1/3 1526/1/3 1525/1/3
f 1530/1/3 1526/1/3 1529/1/3
f 1531/1/3 1528/1/3 1527/1/3
f 1532/1/3 1528/1/3 1531/1/3
f 1533/4/3 1530/4/3 1529/4/3
f 1534/4/3 1530/4/3 1533/4/3
f 1535/4/3 1532/4/3 1531/4/3
f 1536/4/3 1532/4/3 1535/4/3
f 1537/1/3 1534/1/3 1533/1/3
f 1538/1/3 1534/1/3 1537/1/3
f 1539/1/3 1536/1/3 1535/1/3
f 1540/1/3 1536/1/3 1539/1/3
f 1541/4/3 1538/4/3 1537/4/3
f 1542/4/3 1538/4/3 1541/4/3
f 1543/4/3 1540/4/3 1539/4/3
f 1544/4/3 1540/4/3 1543/4/3
f 1545/1/3 1542/1/3 1541/1/3
f 1546/1/3 1542/1/3 1545/1/3
f 1547/1/3 1544/1/3 1543/1/3
f 1548/1/3 1544/1/3 1547/1/3
f 1549/4/3 1546/4/3 1545/4/3
f 1550/4/3 1546/4/3 1549/4/3
f 1551/4/3 1548/4/3 1547/4/3
f 1552/4/3 1548/4/3 1551/4/3
f 1553/1/3 1550/1/3 1549/1/3
f 1554/1/3 1550/1/3 1553/1/3
f 1555/1/3 1552/1/3 1551/1/3
f 1556/1/3 1552/1/3 1555/1/3
f 1558/4/3 1554/4/3 1553/4/3
f 1559/4/3 1554/4/3 1558/4/3
f 1560/4/3 1556/4/3 1555/4/3
f 1561/1/3 1557/1/3 1556/1/3
f 1561/4/3 1556/4/3 1560/4/3
f 1562/1/3 1557/1/3 1561/1/3
f 1563/1/3 1559/1/3 1558/1/3
f 1564/1/3 1559/1/3 1563/1/3
f 1565/4/3 1562/4/3 1561/4/3
f 1566/4/3 1562/4/3 1565/4/3
f 1568/4/3 1564/4/3 1563/4/3
f 1569/4/3 1564/4/3 1568/4/3
f 1570/1/3 1566/1/3 1565/1/3
f 1571/1/3 1566/1/3 1570/1/3
f 1572/4/3 1568/4/3 1567/4/3
f 1573/1/3 1569/1/3 1568/1/3
f 1573/4/3 1568/4/3 1572/4/3
f 1574/1/3 1569/1/3 1573/1/3
f 1575/4/3 1571/4/3 1570/4/3
f 1576/4/3 1571/4/3 1575/4/3
f 1578/1/3 1573/1/3 1572/1/3
f 1579/1/3 1573/1/3 1578/1/3
f 1580/1/3 1576/1/3 1575/1/3
f 1581/4/3 1577/4/3 1576/4/3
f 1581/1/3 1576/1/3 1580/1/3
f 1582/4/3 1577/4/3 1581/4/3
f 1583/4/3 1579/4/3 1578/4/3
f 1584/4/3 1579/4/3 1583/4/3
f 1585/1/3 1582/1/3 1581/1/3
f 1586/1/3 1582/1/3 1585/1/3
f 1587/1/3 1584/1/3 1583/1/3
f 1588/1/3 1584/1/3 1587/1/3
f 1589/4/3 1586/4/3 1585/4/3
f 1590/4/3 1586/4/3 1589/4/3
f 1591/4/3 1588/4/3 1587/4/3
f 1592/4/3 1588/4/3 1591/4/3
f 1593/1/3 1590/1/3 1589/1/3
f 1594/1/3 1590/1/3 1593/1/3
f 1595/1/3 1592/1/3 1591/1/3
f 1596/1/3 1592/1/3 1595/1/3
f 1597/4/3 1594/4/3 1593/4/3
f 1598/4/3 1594/4/3 1597/4/3
f 1599/4/3 1596/4/3 1595/4/3
f 1600/4/3 1596/4/3 1599/4/3
f 1601/1/3 1598/1/3 1597/1/3
f 1602/1/3 1598/1/3 1601/1/3
f 1603/1/3 1600/1/3 1599/1/3
f 1604/1/3 1600/1/3 1603/1/3
f 1605/4/3 1602/4/3 1601/4/3
f 1606/4/3 1602/4/3 1605/4/3
f 1607/4/3 1604/4/3 1603/4/3
f 1608/4/3 1604/4/3 1607/4/3
f 1609/1/3 1606/1/3 1605/1/3
f 1610/1/3 1606/1/3 1609/1/3
f 1611/4/4 1612/4/4 1617/4/4
f 1617/4/4 1612/4/4 1618/4/4
f 1613/1/4 1614/1/4 1620/1/4
f 1620/1/4 1614/1/4 1621/1/4
f 1615/4/4 1616/4/4 1623/4/4
f 1623/4/4 1616/4/4 1624/4/4
f 1618/1/4 1619/1/4 1625/1/4
f 1625/1/4 1619/1/4 1626/1/4
f 1620/4/4 1621/4/4 1627/4/4
f 1627/4/4 1621/4/4 1628/4/4
f 1622/1/4 1623/1/4 1629/1/4
f 1629/1/4 1623/1/4 1630/1/4
f 1626/4/4 1627/4/4 1632/4/4
f 1627/1/4 1628/1/4 1633/1/4
f 1632/4/4 1627/4/4 1633/4/4
f 1628/4/4 1629/4/4 1634/4/4
f 1633/1/4 1628/1/4 1634/1/4
f 1634/4/4 1629/4/4 1635/4/4
f 1631/1/4 1632/1/4 1636/1/4
f 1636/1/4 1632/1/4 1637/1/4
f 1633/4/4 1634/4/4 1638/4/4
f 1638/4/4 1634/4/4 1639/4/4
f 1636/4/4 1637/4/4 1641/4/4
f 1641/4/4 1637/4/4 1642/4/4
f 1638/1/4 1639/1/4 1643/1/4
f 1639/4/4 1640/4/4 1644/4/4
f 1643/1/4 1639/1/4 1644/1/4
f 1644/4/4 1640/4/4 1645/4/4
f 1641/1/4 1642/1/4 1646/1/4
f 1646/1/4 1642/1/4 1647/1/4
f 1644/1/4 1645/1/4 1648/1/4
f 1648/1/4 1645/1/4 1649/1/4
f 1646/4/4 1647/4/4 1650/4/4
f 1650/4/4 1647/4/4 1651/4/4
f 1648/4/4 1649/4/4 1652/4/4
f 1652/4/4 1649/4/4 1653/4/4
f 1650/1/4 1651/1/4 1654/1/4
f 1654/1/4 1651/1/4 1655/1/4
f 1652/1/4 1653/1/4 1656/1/4
f 1656/1/4 1653/1/4 1657/1/4
f 1654/4/4 1655/4/4 1658/4/4
f 1658/4/4 1655/4/4 1659/4/4
f 1656/4/4 1657/4/4 1660/4/4
f 1660/4/4 1657/4/4 1661/4/4
f 1658/1/4 1659/1/4 1662/1/4
f 1662/1/4 1659/1/4 1663/1/4
f 1660/1/4 1661/1/4 1664/1/4
f 1664/1/4 1661/1/4 1665/1/4
f 1662/4/4 1663/4/4 1666/4/4
f 1666/4/4 1663/4/4 1667/4/4
f 1664/4/4 1665/4/4 1668/4/4
f 1668/4/4 1665/4/4 1669/4/4
f 1666/1/4 1667/1/4 1671/1/4
f 1671/1/4 1667/1/4 1672/1/4
f 1668/1/4 1669/1/4 1673/1/4
f 1669/4/4 1670/4/4 1674/4/4
f 1673/1/4 1669/1/4 1674/1/4
f 1674/4/4 1670/4/4 1675/4/4
f 1671/4/4 1672/4/4 1676/4/4
f 1676/4/4 1672/4/4 1677/4/4
f 1674/1/4 1675/1/4 1678/1/4
f 1678/1/4 1675/1/4 1679/1/4
f 1676/1/4 1677/1/4 1680/1/4
f 1680/1/4 1677/1/4 1681/1/4
f 1678/4/4 1679/4/4 1682/4/4
f 1682/4/4 1679/4/4 1683/4/4
f 1680/4/4 1681/4/4 1684/4/4
f 1684/4/4 1681/4/4 1685/4/4
f 1682/1/4 1683/1/4 1686/1/4
f 1686/1/4 1683/1/4 1687/1/4
f 1684/1/4 1685/1/4 1689/1/4
f 1689/1/4 1685/1/4 1690/1/4
f 1686/4/4 1687/4/4 1691/4/4
f 1691/4/4 1687/4/4 1692/4/4
f 1688/1/4 1689/1/4 1693/1/4
f 1689/4/4 1690/4/4 1694/4/4
f 1693/1/4 1689/1/4 1694/1/4
f 1694/4/4 1690/4/4 1695/4/4
f 1691/1/4 1692/1/4 1696/1/4
f 1696/1/4 1692/1/4 1697/1/4
f 1693/4/4 1694/4/4 1698/4/4
f 1698/4/4 1694/4/4 1699/4/4
f 1696/4/4 1697/4/4 1700/4/4
f 1700/4/4 1697/4/4 1701/4/4
f 1698/1/4 1699/1/4 1703/1/4
f 1703/1/4 1699/1/4 1704/1/4
f 1700/1/4 1701/1/4 1705/1/4
f 1701/4/4 1702/4/4 1706/4/4
f 1705/1/4 1701/1/4 1706/1/4
f 1706/4/4 1702/4/4 1707/4/4
f 1703/4/4 1704/4/4 1708/4/4
f 1708/4/4 1704/4/4 1709/4/4
f 1706/1/4 1707/1/4 1710/1/4
f 1710/1/4 1707/1/4 1711/1/4
f 1708/1/4 1709/1/4 1712/1/4
f 1712/1/4 1709/1/4 1713/1/4
f 1710/4/4 1711/4/4 1714/4/4
f 1714/4/4 1711/4/4 1715/4/4
f 1712/4/4 1713/4/4 1716/4/4
f 1716/4/4 1713/4/4 1717/4/4
f 1714/1/4 1715/1/4 1718/1/4
f 1718/1/4 1715/1/4 1719/1/4
f 1716/1/4 1717/1/4 1720/1/4
f 1720/1/4 1717/1/4 1721/1/4
f 1718/4/4 1719/4/4 1722/4/4
f 1722/4/4 1719/4/4 1723/4/4
f 1720/4/4 1721/4/4 1725/4/4
f 1725/4/4 1721/4/4 1726/4/4
f 1722/1/4 1723/1/4 1727/1/4
f 1723/4/4 1724/4/4 1728/4/4
f 1727/1/4 1723/1/4 1728/1/4
f 1728/4/4 1724/4/4 1729/4/4
f 1725/1/4 1726/1/4 1730/1/4
f 1730/1/4 1726/1/4 1731/1/4
f 1728/1/4 1729/1/4 1732/1/4
f 1732/1/4 1729/1/4 1733/1/4
f 1730/4/4 1731/4/4 1734/4/4
f 1734/4/4 1731/4/4 1735/4/4
f 1732/4/4 1733/4/4 1736/4/4
f 1736/4/4 1733/4/4 1737/4/4
f 1734/1/4 1735/1/4 1738/1/4
f 1738/1/4 1735/1/4 1739/1/4
f 1736/1/4 1737/1/4 1740/1/4
f 1740/1/4 1737/1/4 1741/1/4
f 1738/4/4 1739/4/4 1742/4/4
f 1742/4/4 1739/4/4 1743/4/4
f 1740/4/4 1741/4/4 1744/4/4
f 1744/4/4 1741/4/4 1745/4/4
f 1746/2/4 1747/2/4 1752/2/4
f 1752/2/4 1747/2/4 1753/2/4
f 1753/2/4 1747/2/4 1754/2/4
f 1748/2/4 1749/2/4 1755/2/4
f 1755/2/4 1749/2/4 1756/2/4
f 1750/2/4 1751/2/4 1757/2/4
f 1753/2/4 1754/2/4 1758/2/4
f 1754/4/4 1755/4/4 1759/4/4
f 1758/2/4 1754/2/4 1759/2/4
f 1755/2/4 1756/2/4 1760/2/4
f 1759/4/4 1755/4/4 1760/4/4
f 1756/2/4 1757/2/4 1760/2/4
f 1757/2/4 1751/2/4 1761/2/4
f 1760/2/4 1757/2/4 1761/2/4
f 1762/2/4 1763/2/4 1765/2/4
f 1765/2/4 1763/2/4 1766/2/4
f 1766/2/4 1763/2/4 1767/2/4
f 1767/2/4 1763/2/4 1768/2/4
f 1768/2/4 1763/2/4 1769/2/4
f 1764/2/4 1765/2/4 1770/2/4
f 1765/2/4 1766/2/4 1770/2/4
f 1770/2/4 1766/2/4 1771/2/4
f 1767/2/4 1768/2/4 1772/2/4
f 1772/2/4 1768/2/4 1773/2/4
f 1769/2/4 1763/2/4 1774/2/4
f 1774/2/4 1763/2/4 1775/2/4
f 1776/3/4 1777/3/4 1778/3/4
f 1778/3/4 1777/3/4 1779/3/4
f 1780/3/4 1781/3/4 1782/3/4
f 1782/3/4 1781/3/4 1783/3/4
f 1784/3/4 1785/3/4 1786/3/4
f 1786/3/4 1785/3/4 1787/3/4
f 1788/3/4 1789/3/4 1790/3/4
f 1790/3/4 1789/3/4 1791/3/4
f 1792/3/4 1793/3/4 1794/3/4
f 1794/3/4 1793/3/4 1795/3/4
f 1796/4/4 1797/4/4 1798/4/4
f 1798/4/4 1797/4/4 1799/4/4
f 1800/3/4 1801/3/4 1802/3/4
f 1802/3/4 1801/3/4 1803/3/4
f 1804/4/4 1805/4/4 1806/4/4
f 1806/4/4 1805/4/4 1807/4/4
f 1808/1/4 1809/1/4 1810/1/4
f 1810/1/4 1809/1/4 1811/1/4
f 1812/1/4 1813/1/4 1814/1/4
f 1814/1/4 1813/1/4 1815/1/4
f 1816/3/4 1817/3/4 1818/3/4
f 1818/3/4 1817/3/4 1819/3/4
f 1820/3/4 1821/3/4 1822/3/4
f 1822/3/4 1821/3/4 1823/3/4
f 1823/3/4 1824/3/4 1825/3/4
f 1825/3/4 1824/3/4 1826/3/4
f 1827/4/4 1828/4/4 1829/4/4
f 1829/4/4 1828/4/4 1830/4/4
f 1831/3/4 1832/3/4 1833/3/4
f 1833/3/4 1832/3/4 1834/3/4
f 1835/3/4 1836/3/4 1837/3/4
f 1837/3/4 1836/3/4 1838/3/4
f 1839/3/4 1840/3/4 1841/3/4
f 1841/3/4 1840/3/4 1842/3/4
f 1842/3/4 1843/3/4 1845/3/4
f 1845/3/4 1843/3/4 1846/3/4
f 1844/3/4 1845/3/4 1847/3/4
f 1847/3/4 1845/3/4 1848/3/4
f 1849/3/4 1850/3/4 1851/3/4
f 1851/3/4 1850/3/4 1852/3/4
f 1853/4/4 1854/4/4 1855/4/4
f 1855/4/4 1854/4/4 1856/4/4
f 1857/3/4 1858/3/4 1859/3/4
f 1859/3/4 1858/3/4 1860/3/4
f 1861/3/4 1862/3/4 1863/3/4
f 1863/3/4 1862/3/4 1864/3/4
f 1865/4/4 1866/4/4 1867/4/4
f 1867/4/4 1866/4/4 1868/4/4
f 1869/3/4 1870/3/4 1872/3/4
f 1871/3/4 1872/3/4 1873/3/4
f 1872/3/4 1870/3/4 1874/3/4
f 1873/3/4 1872/3/4 1874/3/4
f 1875/1/4 1876/1/4 1877/1/4
f 1877/1/4 1876/1/4 1878/1/4
f 1879/3/4 1880/3/4 1881/3/4
f 1881/3/4 1880/3/4 1882/3/4
f 1883/4/4 1884/4/4 1885/4/4
f 1885/4/4 1884/4/4 1886/4/4
f 1887/1/4 1888/1/4 1891/1/4
f 1891/1/4 1888/1/4 1892/1/4
f 1889/1/4 1890/1/4 1893/1/4
f 1893/1/4 1890/1/4 1894/1/4
f 1895/3/4 1896/3/4 1897/3/4
f 1897/3/4 1896/3/4 1898/3/4
f 1899/1/4 1900/1/4 1903/1/4
f 1903/1/4 1900/1/4 1904/1/4
f 1901/1/4 1902/1/4 1905/1/4
f 1905/1/4 1902/1/4 1906/1/4
f 1907/4/4 1908/4/4 1909/4/4
f 1909/4/4 1908/4/4 1910/4/4
f 1911/3/4 1912/3/4 1913/3/4
f 1913/3/4 1912/3/4 1914/3/4
f 1915/4/4 1916/4/4 1917/4/4
f 1917/4/4 1916/4/4 1918/4/4
f 1919/1/4 1920/1/4 1921/1/4
f 1921/1/4 1920/1/4 1922/1/4
f 1923/1/4 1924/1/4 1925/1/4
f 1925/1/4 1924/1/4 1926/1/4
f 1927/3/4 1928/3/4 1929/3/4
f 1929/3/4 1928/3/4 1930/3/4
f 1931/3/4 1932/3/4 1933/3/4
f 1933/3/4 1932/3/4 1934/3/4
f 1935/3/4 1936/3/4 1937/3/4
f 1937/3/4 1936/3/4 1938/3/4
f 1939/3/4 1940/3/4 1941/3/4
f 1941/3/4 1940/3/4 1942/3/4
f 1943/1/4 1944/1/4 1945/1/4
f 1945/1/4 1944/1/4 1946/1/4
f 1947/4/4 1948/4/4 1949/4/4
f 1949/4/4 1948/4/4 1950/4/4
f 1951/3/4 1952/3/4 1953/3/4
f 1953/3/4 1952/3/4 1954/3/4
f 1955/4/4 1956/4/4 1957/4/4
f 1957/4/4 1956/4/4 1958/4/4
f 1959/3/4 1960/3/4 1961/3/4
f 1961/3/4 1960/3/4 1962/3/4
f 1963/3/4 1964/3/4 1965/3/4
f 1965/3/4 1964/3/4 1966/3/4
f 1967/3/4 1968/3/4 1969/3/4
f 1969/3/4 1968/3/4 1970/3/4
f 1971/3/4 1972/3/4 1973/3/4
f 1973/3/4 1972/3/4 1974/3/4
f 1975/1/4 1976/1/4 1977/1/4
f 1977/1/4 1976/1/4 1978/1/4
f 1979/1/4 1980/1/4 1983/1/4
f 1983/1/4 1980/1/4 1984/1/4
f 1981/4/4 1982/4/4 1985/4/4
f 1985/4/4 1982/4/4 1986/4/4
f 1987/3/4 1988/3/4 1989/3/4
f 1989/3/4 1988/3/4 1990/3/4
f 1991/3/4 1992/3/4 1993/3/4
f 1993/3/4 1992/3/4 1994/3/4
f 1995/3/4 1996/3/4 1997/3/4
f 1997/3/4 1996/3/4 1998/3/4
f 1999/3/4 2000/3/4 2001/3/4
f 2001/3/4 2000/3/4 2002/3/4
f 2003/3/4 2004/3/4 2005/3/4
f 2005/3/4 2004/3/4 2006/3/4
f 2007/2/4 2008/2/4 2013/2/4
f 2008/4/4 2009/4/4 2013/4/4
f 2009/2/4 2010/2/4 2014/2/4
f 2013/4/4 2009/4/4 2014/4/4
f 2010/4/4 2011/4/4 2015/4/4
f 2014/2/4 2010/2/4 2015/2/4
f 2011/2/4 2012/2/4 2016/2/4
f 2015/4/4 2011/4/4 2016/4/4
f 2007/2/4 2013/2/4 2017/2/4
f 2017/2/4 2013/2/4 2018/2/4
f 2013/1/4 2014/1/4 2019/1/4
f 2018/2/4 2013/2/4 2019/2/4
f 2014/2/4 2015/2/4 2020/2/4
f 2019/1/4 2014/1/4 2020/1/4
f 2020/2/4 2015/2/4 2021/2/4
f 2021/2/4 2015/2/4 2022/2/4
f 2015/1/4 2016/1/4 2023/1/4
f 2022/2/4 2015/2/4 2023/2/4
f 2016/2/4 2012/2/4 2024/2/4
f 2023/1/4 2016/1/4 2024/1/4
f 2024/2/4 2012/2/4 2025/2/4
f 2019/4/4 2020/4/4 2026/4/4
f 2026/4/4 2020/4/4 2027/4/4
f 2021/4/4 2022/4/4 2029/4/4
f 2029/4/4 2022/4/4 2030/4/4
f 2023/4/4 2024/4/4 2031/4/4
f 2031/4/4 2024/4/4 2032/4/4
f 2027/1/4 2028/1/4 2033/1/4
f 2033/1/4 2028/1/4 2034/1/4
f 2029/1/4 2030/1/4 2035/1/4
f 2035/1/4 2030/1/4 2036/1/4
f 2031/1/4 2032/1/4 2038/1/4
f 2038/1/4 2032/1/4 2039/1/4
f 2033/4/4 2034/4/4 2040/4/4
f 2034/1/4 2035/1/4 2041/1/4
f 2040/4/4 2034/4/4 2041/4/4
f 2035/4/4 2036/4/4 2042/4/4
f 2041/1/4 2035/1/4 2042/1/4
f 2042/4/4 2036/4/4 2043/4/4
f 2037/4/4 2038/4/4 2044/4/4
f 2044/4/4 2038/4/4 2045/4/4
f 2041/4/4 2042/4/4 2047/4/4
f 2047/4/4 2042/4/4 2048/4/4
f 2043/1/4 2044/1/4 2049/1/4
f 2049/1/4 2044/1/4 2050/1/4
f 2046/4/4 2047/4/4 2051/4/4
f 2047/1/4 2048/1/4 2052/1/4
f 2051/4/4 2047/4/4 2052/4/4
f 2052/1/4 2048/1/4 2053/1/4
f 2049/4/4 2050/4/4 2054/4/4
f 2054/4/4 2050/4/4 2055/4/4
f 2051/1/4 2052/1/4 2056/1/4
f 2056/1/4 2052/1/4 2057/1/4
f 2054/1/4 2055/1/4 2058/1/4
f 2058/1/4 2055/1/4 2059/1/4
f 2056/4/4 2057/4/4 2060/4/4
f 2060/4/4 2057/4/4 2061/4/4
f 2058/4/4 2059/4/4 2062/4/4
f 2062/4/4 2059/4/4 2063/4/4
f 2060/1/4 2061/1/4 2064/1/4
f 2064/1/4 2061/1/4 2065/1/4
f 2062/1/4 2063/1/4 2066/1/4
f 2066/1/4 2063/1/4 2067/1/4
f 2064/4/4 2065/4/4 2068/4/4
f 2068/4/4 2065/4/4 2069/4/4
f 2066/4/4 2067/4/4 2070/4/4
f 2070/4/4 2067/4/4 2071/4/4
f 2068/1/4 2069/1/4 2072/1/4
f 2072/1/4 2069/1/4 2073/1/4
f 2070/1/4 2071/1/4 2074/1/4
f 2074/1/4 2071/1/4 2075/1/4
f 2072/4/4 2073/4/4 2076/4/4
f 2076/4/4 2073/4/4 2077/4/4
f 2074/4/4 2075/4/4 2078/4/4
f 2078/4/4 2075/4/4 2079/4/4
f 2076/1/4 2077/1/4 2080/1/4
f 2080/1/4 2077/1/4 2081/1/4
f 2078/1/4 2079/1/4 2082/1/4
f 2082/1/4 2079/1/4 2083/1/4
f 2080/4/4 2081/4/4 2084/4/4
f 2084/4/4 2081/4/4 2085/4/4
f 2082/4/4 2083/4/4 2086/4/4
f 2086/4/4 2083/4/4 2087/4/4
f 2084/1/4 2085/1/4 2088/1/4
f 2088/1/4 2085/1/4 2089/1/4
f 2086/1/4 2087/1/4 2090/1/4
f 2090/1/4 2087/1/4 2091/1/4
f 2088/4/4 2089/4/4 2092/4/4
f 2092/4/4 2089/4/4 2093/4/4
f 2090/4/4 2091/4/4 2094/4/4
f 2094/4/4 2091/4/4 2095/4/4
f 2092/1/4 2093/1/4 2096/1/4
f 2096/1/4 2093/1/4 2097/1/4
f 2094/1/4 2095/1/4 2098/1/4
f 2098/1/4 2095/1/4 2099/1/4
f 2096/4/4 2097/4/4 2101/4/4
f 2101/4/4 2097/4/4 2102/4/4
f 2098/4/4 2099/4/4 2103/4/4
f 2099/1/4 2100/1/4 2104/1/4
f 2103/4/4 2099/4/4 2104/4/4
f 2104/1/4 2100/1/4 2105/1/4
f 2101/1/4 2102/1/4 2106/1/4
f 2106/1/4 2102/1/4 2107/1/4
f 2104/4/4 2105/4/4 2108/4/4
f 2108/4/4 2105/4/4 2109/4/4
f 2106/4/4 2107/4/4 2111/4/4
f 2111/4/4 2107/4/4 2112/4/4
f 2108/1/4 2109/1/4 2113/1/4
f 2113/1/4 2109/1/4 2114/1/4
f 2110/4/4 2111/4/4 2115/4/4
f 2111/1/4 2112/1/4 2116/1/4
f 2115/4/4 2111/4/4 2116/4/4
f 2116/1/4 2112/1/4 2117/1/4
f 2113/4/4 2114/4/4 2118/4/4
f 2118/4/4 2114/4/4 2119/4/4
f 2115/1/4 2116/1/4 2121/1/4
f 2121/1/4 2116/1/4 2122/1/4
f 2118/1/4 2119/1/4 2123/1/4
f 2119/4/4 2120/4/4 2124/4/4
f 2123/1/4 2119/1/4 2124/1/4
f 2124/4/4 2120/4/4 2125/4/4
f 2121/4/4 2122/4/4 2126/4/4
f 2126/4/4 2122/4/4 2127/4/4
f 2124/1/4 2125/1/4 2128/1/4
f 2128/1/4 2125/1/4 2129/1/4
f 2126/1/4 2127/1/4 2130/1/4
f 2130/1/4 2127/1/4 2131/1/4
f 2128/4/4 2129/4/4 2132/4/4
f 2132/4/4 2129/4/4 2133/4/4
f 2130/4/4 2131/4/4 2134/4/4
f 2134/4/4 2131/4/4 2135/4/4
f 2132/1/4 2133/1/4 2136/1/4
f 2136/1/4 2133/1/4 2137/1/4
f 2134/1/4 2135/1/4 2138/1/4
f 2138/1/4 2135/1/4 2139/1/4
f 2136/4/4 2137/4/4 2140/4/4
f 2140/4/4 2137/4/4 2141/4/4
f 2138/4/4 2139/4/4 2142/4/4
f 2142/4/4 2139/4/4 2143/4/4
f 2140/1/4 2141/1/4 2144/1/4
f 2144/1/4 2141/1/4 2145/1/4
f 2142/1/4 2143/1/4 2146/1/4
f 2146/1/4 2143/1/4 2147/1/4
f 2144/4/4 2145/4/4 2148/4/4
f 2148/4/4 2145/4/4 2149/4/4
f 2017/3/4 2018/3/4 2150/3/4
f 2150/3/4 2018/3/4 2151/3/4
f 2146/4/4 2147/4/4 2152/4/4
f 2152/4/4 2147/4/4 2153/4/4
f 2148/1/4 2149/1/4 2154/1/4
f 2154/1/4 2149/1/4 2155/1/4
f 2151/2/4 2152/2/4 2157/2/4
f 2152/1/4 2153/1/4 2157/1/4
f 2150/2/4 2151/2/4 2157/2/4
f 2153/2/4 2154/2/4 2158/2/4
f 2157/1/4 2153/1/4 2158/1/4
f 2154/4/4 2155/4/4 2159/4/4
f 2158/2/4 2154/2/4 2159/2/4
f 2155/2/4 2156/2/4 2160/2/4
f 2159/4/4 2155/4/4 2160/4/4
f 2150/2/4 2157/2/4 2161/2/4
f 2157/4/4 2158/4/4 2162/4/4
f 2161/2/4 2157/2/4 2162/2/4
f 2158/2/4 2159/2/4 2163/2/4
f 2162/4/4 2158/4/4 2163/4/4
f 2159/1/4 2160/1/4 2164/1/4
f 2163/2/4 2159/2/4 2164/2/4
f 2160/2/4 2156/2/4 2165/2/4
f 2164/1/4 2160/1/4 2165/1/4
f 2165/2/4 2156/2/4 2166/2/4
f 2171/2/5 2168/2/5 2167/2/5
f 2172/3/5 2169/3/5 2168/3/5
f 2172/2/5 2168/2/5 2171/2/5
f 2173/2/5 2170/2/5 2169/2/5
f 2173/3/5 2169/3/5 2172/3/5
f 2174/2/5 2170/2/5 2173/2/5
f 2175/3/5 2172/3/5 2171/3/5
f 2175/3/5 2173/3/5 2172/3/5
f 2175/3/5 2174/3/5 2173/3/5
f 2176/3/5 2174/3/5 2175/3/5
f 2177/3/5 2174/3/5 2176/3/5
f 2178/3/5 2174/3/5 2177/3/5
f 2179/2/5 2176/2/5 2175/2/5
f 2180/3/5 2177/3/5 2176/3/5
f 2180/2/5 2176/2/5 2179/2/5
f 2181/2/5 2178/2/5 2177/2/5
f 2181/3/5 2177/3/5 2180/3/5
f 2182/2/5 2178/2/5 2181/2/5
f 2198/4/5 2184/4/5 2183/4/5
f 2199/4/5 2184/4/5 2198/4/5
f 2200/1/5 2186/1/5 2185/1/5
f 2201/4/5 2187/4/5 2186/4/5
f 2201/1/5 2186/1/5 2200/1/5
f 2202/1/5 2188/1/5 2187/1/5
f 2202/4/5 2187/4/5 2201/4/5
f 2203/4/5 2189/4/5 2188/4/5
f 2203/1/5 2188/1/5 2202/1/5
f 2204/1/5 2190/1/5 2189/1/5
f 2204/4/5 2189/4/5 2203/4/5
f 2205/4/5 2191/4/5 2190/4/5
f 2205/1/5 2190/1/5 2204/1/5
f 2206/1/5 2192/1/5 2191/1/5
f 2206/4/5 2191/4/5 2205/4/5
f 2207/4/5 2193/4/5 2192/4/5
f 2207/1/5 2192/1/5 2206/1/5
f 2208/1/5 2194/1/5 2193/1/5
f 2208/4/5 2193/4/5 2207/4/5
f 2209/4/5 2195/4/5 2194/4/5
f 2209/1/5 2194/1/5 2208/1/5
f 2210/1/5 2196/1/5 2195/1/5
f 2210/4/5 2195/4/5 2209/4/5
f 2211/4/5 2197/4/5 2196/4/5
f 2211/1/5 2196/1/5 2210/1/5
f 2212/4/5 2197/4/5 2211/4/5
f 2217/4/5 2214/4/5 2213/4/5
f 2218/4/5 2214/4/5 2217/4/5
f 2219/4/5 2216/4/5 2215/4/5
f 2220/4/5 2216/4/5 2219/4/5
f 2221/1/5 2218/1/5 2217/1/5
f 2222/1/5 2218/1/5 2221/1/5
f 2223/1/5 2220/1/5 2219/1/5
f 2224/1/5 2220/1/5 2223/1/5
f 2225/4/5 2222/4/5 2221/4/5
f 2226/4/5 2222/4/5 2225/4/5
f 2227/4/5 2224/4/5 2223/4/5
f 2228/4/5 2224/4/5 2227/4/5
f 2229/1/5 2226/1/5 2225/1/5
f 2230/1/5 2226/1/5 2229/1/5
f 2231/1/5 2228/1/5 2227/1/5
f 2232/1/5 2228/1/5 2231/1/5
f 2233/4/5 2230/4/5 2229/4/5
f 2234/4/5 2230/4/5 2233/4/5
f 2235/4/5 2232/4/5 2231/4/5
f 2236/4/5 2232/4/5 2235/4/5
f 2237/1/5 2234/1/5 2233/1/5
f 2238/1/5 2234/1/5 2237/1/5
f 2239/1/5 2236/1/5 2235/1/5
f 2240/1/5 2236/1/5 2239/1/5
f 2245/4/5 2242/4/5 2241/4/5
f 2246/4/5 2242/4/5 2245/4/5
f 2247/1/5 2244/1/5 2243/1/5
f 2248/1/5 2244/1/5 2247/1/5
f 2249/1/5 2246/1/5 2245/1/5
f 2250/1/5 2246/1/5 2249/1/5
f 2251/4/5 2248/4/5 2247/4/5
f 2252/4/5 2248/4/5 2251/4/5
f 2253/4/5 2250/4/5 2249/4/5
f 2254/4/5 2250/4/5 2253/4/5
f 2255/1/5 2252/1/5 2251/1/5
f 2256/1/5 2252/1/5 2255/1/5
f 2257/1/5 2254/1/5 2253/1/5
f 2258/1/5 2254/1/5 2257/1/5
f 2259/4/5 2256/4/5 2255/4/5
f 2260/4/5 2256/4/5 2259/4/5
f 2261/4/5 2258/4/5 2257/4/5
f 2262/4/5 2258/4/5 2261/4/5
f 2263/1/5 2260/1/5 2259/1/5
f 2264/1/5 2260/1/5 2263/1/5
f 2265/1/5 2262/1/5 2261/1/5
f 2266/1/5 2262/1/5 2265/1/5
f 2267/4/5 2264/4/5 2263/4/5
f 2268/4/5 2264/4/5 2267/4/5
f 2269/4/5 2266/4/5 2265/4/5
f 2270/4/5 2266/4/5 2269/4/5
f 2283/4/5 2272/4/5 2271/4/5
f 2284/4/5 2272/4/5 2283/4/5
f 2285/4/5 2274/4/5 2273/4/5
f 2286/1/5 2275/1/5 2274/1/5
f 2286/4/5 2274/4/5 2285/4/5
f 2287/4/5 2276/4/5 2275/4/5
f 2287/1/5 2275/1/5 2286/1/5
f 2288/1/5 2277/1/5 2276/1/5
f 2288/4/5 2276/4/5 2287/4/5
f 2289/4/5 2278/4/5 2277/4/5
f 2289/1/5 2277/1/5 2288/1/5
f 2290/1/5 2279/1/5 2278/1/5
f 2290/4/5 2278/4/5 2289/4/5
f 2291/4/5 2280/4/5 2279/4/5
f 2291/1/5 2279/1/5 2290/1/5
f 2292/1/5 2281/1/5 2280/1/5
f 2292/4/5 2280/4/5 2291/4/5
f 2293/4/5 2282/4/5 2281/4/5
f 2293/1/5 2281/1/5 2292/1/5
f 2294/4/5 2282/4/5 2293/4/5
f 2311/1/5 2296/1/5 2295/1/5
f 2312/1/5 2296/1/5 2311/1/5
f 2313/1/5 2298/1/5 2297/1/5
f 2314/4/5 2299/4/5 2298/4/5
f 2314/1/5 2298/1/5 2313/1/5
f 2315/1/5 2300/1/5 2299/1/5
f 2315/4/5 2299/4/5 2314/4/5
f 2316/4/5 2301/4/5 2300/4/5
f 2316/1/5 2300/1/5 2315/1/5
f 2317/1/5 2302/1/5 2301/1/5
f 2317/4/5 2301/4/5 2316/4/5
f 2318/4/5 2303/4/5 2302/4/5
f 2318/1/5 2302/1/5 2317/1/5
f 2319/1/5 2304/1/5 2303/1/5
f 2319/4/5 2303/4/5 2318/4/5
f 2320/4/5 2305/4/5 2304/4/5
f 2320/1/5 2304/1/5 2319/1/5
f 2321/1/5 2306/1/5 2305/1/5
f 2321/4/5 2305/4/5 2320/4/5
f 2322/4/5 2307/4/5 2306/4/5
f 2322/1/5 2306/1/5 2321/1/5
f 2323/1/5 2308/1/5 2307/1/5
f 2323/4/5 2307/4/5 2322/4/5
f 2324/4/5 2309/4/5 2308/4/5
f 2324/1/5 2308/1/5 2323/1/5
f 2325/1/5 2310/1/5 2309/1/5
f 2325/4/5 2309/4/5 2324/4/5
f 2326/1/5 2310/1/5 2325/1/5
f 2331/1/5 2328/1/5 2327/1/5
f 2332/1/5 2328/1/5 2331/1/5
f 2333/1/5 2330/1/5 2329/1/5
f 2334/1/5 2330/1/5 2333/1/5
f 2335/4/5 2332/4/5 2331/4/5
f 2336/4/5 2332/4/5 2335/4/5
f 2337/4/5 2334/4/5 2333/4/5
f 2338/4/5 2334/4/5 2337/4/5
f 2339/1/5 2336/1/5 2335/1/5
f 2340/1/5 2336/1/5 2339/1/5
f 2341/1/5 2338/1/5 2337/1/5
f 2342/1/5 2338/1/5 2341/1/5
f 2343/4/5 2340/4/5 2339/4/5
f 2344/4/5 2340/4/5 2343/4/5
f 2345/4/5 2342/4/5 2341/4/5
f 2346/4/5 2342/4/5 2345/4/5
f 2347/1/5 2344/1/5 2343/1/5
f 2348/1/5 2344/1/5 2347/1/5
f 2349/4/5 2348/4/5 2347/4/5
f 2350/4/5 2348/4/5 2349/4/5
f 2355/1/5 2352/1/5 2351/1/5
f 2356/1/5 2352/1/5 2355/1/5
f 2357/4/5 2354/4/5 2353/4/5
f 2358/4/5 2354/4/5 2357/4/5
f 2359/4/5 2356/4/5 2355/4/5
f 2360/4/5 2356/4/5 2359/4/5
f 2361/1/5 2358/1/5 2357/1/5
f 2362/1/5 2358/1/5 2361/1/5
f 2363/1/5 2360/1/5 2359/1/5
f 2364/1/5 2360/1/5 2363/1/5
f 2365/4/5 2362/4/5 2361/4/5
f 2366/4/5 2362/4/5 2365/4/5
f 2367/4/5 2364/4/5 2363/4/5
f 2368/4/5 2364/4/5 2367/4/5
f 2388/1/5 2370/1/5 2369/1/5
f 2389/4/5 2371/4/5 2370/4/5
f 2389/1/5 2370/1/5 2388/1/5
f 2390/4/5 2371/4/5 2389/4/5
f 2391/4/5 2373/4/5 2372/4/5
f 2392/1/5 2374/1/5 2373/1/5
f 2392/4/5 2373/4/5 2391/4/5
f 2393/4/5 2375/4/5 2374/4/5
f 2393/1/5 2374/1/5 2392/1/5
f 2394/1/5 2376/1/5 2375/1/5
f 2394/4/5 2375/4/5 2393/4/5
f 2395/4/5 2377/4/5 2376/4/5
f 2395/1/5 2376/1/5 2394/1/5
f 2396/1/5 2378/1/5 2377/1/5
f 2396/4/5 2377/4/5 2395/4/5
f 2397/4/5 2379/4/5 2378/4/5
f 2397/1/5 2378/1/5 2396/1/5
f 2398/1/5 2380/1/5 2379/1/5
f 2398/4/5 2379/4/5 2397/4/5
f 2399/4/5 2381/4/5 2380/4/5
f 2399/1/5 2380/1/5 2398/1/5
f 2400/1/5 2382/1/5 2381/1/5
f 2400/4/5 2381/4/5 2399/4/5
f 2401/4/5 2383/4/5 2382/4/5
f 2401/1/5 2382/1/5 2400/1/5
f 2402/1/5 2384/1/5 2383/1/5
f 2402/4/5 2383/4/5 2401/4/5
f 2403/4/5 2385/4/5 2384/4/5
f 2403/1/5 2384/1/5 2402/1/5
f 2404/1/5 2386/1/5 2385/1/5
f 2404/4/5 2385/4/5 2403/4/5
f 2405/4/5 2387/4/5 2386/4/5
f 2405/1/5 2386/1/5 2404/1/5
f 2406/4/5 2387/4/5 2405/4/5
f 2409/4/5 2408/4/5 2407/4/5
f 2410/4/5 2408/4/5 2409/4/5
f 2413/4/5 2412/4/5 2411/4/5
f 2414/4/5 2412/4/5 2413/4/5
f 2417/1/5 2414/1/5 2413/1/5
f 2418/1/5 2414/1/5 2417/1/5
f 2419/4/5 2416/4/5 2415/4/5
f 2420/4/5 2416/4/5 2419/4/5
f 2421/4/5 2418/4/5 2417/4/5
f 2422/4/5 2418/4/5 2421/4/5
f 2423/1/5 2420/1/5 2419/1/5
f 2424/1/5 2420/1/5 2423/1/5
f 2425/1/5 2422/1/5 2421/1/5
f 2426/1/5 2422/1/5 2425/1/5
f 2431/1/5 2428/1/5 2427/1/5
f 2432/1/5 2428/1/5 2431/1/5
f 2433/1/5 2430/1/5 2429/1/5
f 2434/1/5 2430/1/5 2433/1/5
f 2435/4/5 2432/4/5 2431/4/5
f 2436/4/5 2432/4/5 2435/4/5
f 2437/4/5 2434/4/5 2433/4/5
f 2438/4/5 2434/4/5 2437/4/5
f 2439/1/5 2436/1/5 2435/1/5
f 2440/1/5 2436/1/5 2439/1/5
f 2441/1/5 2438/1/5 2437/1/5
f 2442/1/5 2438/1/5 2441/1/5
f 2445/4/5 2444/4/5 2443/4/5
f 2446/4/5 2444/4/5 2445/4/5
f 2453/1/5 2448/1/5 2447/1/5
f 2454/4/5 2449/4/5 2448/4/5
f 2454/1/5 2448/1/5 2453/1/5
f 2455/4/5 2449/4/5 2454/4/5
f 2456/4/5 2451/4/5 2450/4/5
f 2457/1/5 2452/1/5 2451/1/5
f 2457/4/5 2451/4/5 2456/4/5
f 2458/1/5 2452/1/5 2457/1/5
f 2463/4/5 2460/4/5 2459/4/5
f 2464/4/5 2460/4/5 2463/4/5
f 2465/4/5 2462/4/5 2461/4/5
f 2466/4/5 2462/4/5 2465/4/5
f 2470/4/5 2468/4/5 2467/4/5
f 2471/1/5 2469/1/5 2468/1/5
f 2471/4/5 2468/4/5 2470/4/5
f 2472/1/5 2469/1/5 2471/1/5
f 2481/1/5 2474/1/5 2473/1/5
f 2482/4/5 2475/4/5 2474/4/5
f 2482/1/5 2474/1/5 2481/1/5
f 2483/1/5 2476/1/5 2475/1/5
f 2483/4/5 2475/4/5 2482/4/5
f 2484/4/5 2477/4/5 2476/4/5
f 2484/1/5 2476/1/5 2483/1/5
f 2485/1/5 2478/1/5 2477/1/5
f 2485/4/5 2477/4/5 2484/4/5
f 2486/4/5 2479/4/5 2478/4/5
f 2486/1/5 2478/1/5 2485/1/5
f 2487/1/5 2480/1/5 2479/1/5
f 2487/4/5 2479/4/5 2486/4/5
f 2488/1/5 2480/1/5 2487/1/5
f 2491/4/5 2490/4/5 2489/4/5
f 2492/4/5 2490/4/5 2491/4/5
f 2495/1/5 2492/1/5 2491/1/5
f 2496/1/5 2492/1/5 2495/1/5
f 2497/1/5 2494/1/5 2493/1/5
f 2498/1/5 2494/1/5 2497/1/5
f 2503/1/5 2500/1/5 2499/1/5
f 2504/1/5 2500/1/5 2503/1/5
f 2505/1/5 2502/1/5 2501/1/5
f 2506/1/5 2502/1/5 2505/1/5
f 2522/1/5 2508/1/5 2507/1/5
f 2523/4/5 2509/4/5 2508/4/5
f 2523/1/5 2508/1/5 2522/1/5
f 2524/1/5 2510/1/5 2509/1/5
f 2524/4/5 2509/4/5 2523/4/5
f 2525/4/5 2511/4/5 2510/4/5
f 2525/1/5 2510/1/5 2524/1/5
f 2526/1/5 2512/1/5 2511/1/5
f 2526/4/5 2511/4/5 2525/4/5
f 2527/4/5 2513/4/5 2512/4/5
f 2527/1/5 2512/1/5 2526/1/5
f 2528/1/5 2514/1/5 2513/1/5
f 2528/4/5 2513/4/5 2527/4/5
f 2529/4/5 2515/4/5 2514/4/5
f 2529/1/5 2514/1/5 2528/1/5
f 2530/1/5 2516/1/5 2515/1/5
f 2530/4/5 2515/4/5 2529/4/5
f 2531/4/5 2517/4/5 2516/4/5
f 2531/1/5 2516/1/5 2530/1/5
f 2532/1/5 2518/1/5 2517/1/5
f 2532/4/5 2517/4/5 2531/4/5
f 2533/4/5 2519/4/5 2518/4/5
f 2533/1/5 2518/1/5 2532/1/5
f 2534/1/5 2520/1/5 2519/1/5
f 2534/4/5 2519/4/5 2533/4/5
f 2535/4/5 2521/4/5 2520/4/5
f 2535/1/5 2520/1/5 2534/1/5
f 2536/4/5 2521/4/5 2535/4/5
f 2547/1/5 2538/1/5 2537/1/5
f 2548/1/5 2538/1/5 2547/1/5
f 2549/1/5 2540/1/5 2539/1/5
f 2550/4/5 2541/4/5 2540/4/5
f 2550/1/5 2540/1/5 2549/1/5
f 2551/1/5 2542/1/5 2541/1/5
f 2551/4/5 2541/4/5 2550/4/5
f 2552/4/5 2543/4/5 2542/4/5
f 2552/1/5 2542/1/5 2551/1/5
f 2553/1/5 2544/1/5 2543/1/5
f 2553/4/5 2543/4/5 2552/4/5
f 2554/4/5 2545/4/5 2544/4/5
f 2554/1/5 2544/1/5 2553/1/5
f 2555/1/5 2546/1/5 2545/1/5
f 2555/4/5 2545/4/5 2554/4/5
f 2556/1/5 2546/1/5 2555/1/5
f 2559/1/5 2558/1/5 2557/1/5
f 2560/1/5 2558/1/5 2559/1/5
f 2561/4/5 2560/4/5 2559/4/5
f 2562/4/5 2560/4/5 2561/4/5
f 2563/1/5 2562/1/5 2561/1/5
f 2564/1/5 2562/1/5 2563/1/5
f 2567/4/5 2564/4/5 2563/4/5
f 2568/4/5 2564/4/5 2567/4/5
f 2569/1/5 2566/1/5 2565/1/5
f 2570/1/5 2566/1/5 2569/1/5
f 2571/1/5 2568/1/5 2567/1/5
f 2572/1/5 2568/1/5 2571/1/5
f 2573/4/5 2570/4/5 2569/4/5
f 2574/4/5 2570/4/5 2573/4/5
f 2575/4/5 2572/4/5 2571/4/5
f 2576/4/5 2572/4/5 2575/4/5
f 2577/1/5 2574/1/5 2573/1/5
f 2578/1/5 2574/1/5 2577/1/5
f 2579/1/5 2576/1/5 2575/1/5
f 2580/1/5 2576/1/5 2579/1/5
f 2581/4/5 2578/4/5 2577/4/5
f 2582/4/5 2578/4/5 2581/4/5
f 2583/4/5 2580/4/5 2579/4/5
f 2584/4/5 2580/4/5 2583/4/5
f 2585/1/5 2582/1/5 2581/1/5
f 2586/1/5 2582/1/5 2585/1/5
f 2587/4/5 2586/4/5 2585/4/5
f 2588/4/5 2586/4/5 2587/4/5
f 2593/4/5 2590/4/5 2589/4/5
f 2594/4/5 2590/4/5 2593/4/5
f 2595/4/5 2592/4/5 2591/4/5
f 2596/4/5 2592/4/5 2595/4/5
f 2597/1/5 2594/1/5 2593/1/5
f 2598/1/5 2594/1/5 2597/1/5
f 2599/1/5 2596/1/5 2595/1/5
f 2600/1/5 2596/1/5 2599/1/5
f 2601/4/5 2598/4/5 2597/4/5
f 2602/4/5 2598/4/5 2601/4/5
f 2603/4/5 2600/4/5 2599/4/5
f 2604/4/5 2600/4/5 2603/4/5
f 2605/1/5 2602/1/5 2601/1/5
f 2606/1/5 2602/1/5 2605/1/5
f 2607/4/5 2606/4/5 2605/4/5
f 2608/4/5 2606/4/5 2607/4/5
f 2609/1/5 2608/1/5 2607/1/5
f 2610/1/5 2608/1/5 2609/1/5
f 2611/4/5 2610/4/5 2609/4/5
f 2612/4/5 2610/4/5 2611/4/5
f 2620/4/5 2614/4/5 2613/4/5
f 2621/4/5 2614/4/5 2620/4/5
f 2622/4/5 2616/4/5 2615/4/5
f 2623/1/5 2617/1/5 2616/1/5
f 2623/4/5 2616/4/5 2622/4/5
f 2624/4/5 2618/4/5 2617/4/5
f 2624/1/5 2617/1/5 2623/1/5
f 2625/1/5 2619/1/5 2618/1/5
f 2625/4/5 2618/4/5 2624/4/5
f 2626/1/5 2619/1/5 2625/1/5
f 2635/4/5 2628/4/5 2627/4/5
f 2636/4/5 2628/4/5 2635/4/5
f 2637/1/5 2630/1/5 2629/1/5
f 2638/4/5 2631/4/5 2630/4/5
f 2638/1/5 2630/1/5 2637/1/5
f 2639/1/5 2632/1/5 2631/1/5
f 2639/4/5 2631/4/5 2638/4/5
f 2640/4/5 2633/4/5 2632/4/5
f 2640/1/5 2632/1/5 2639/1/5
f 2641/1/5 2634/1/5 2633/1/5
f 2641/4/5 2633/4/5 2640/4/5
f 2642/1/5 2634/1/5 2641/1/5
f 2645/4/5 2644/4/5 2643/4/5
f 2646/4/5 2644/4/5 2645/4/5
f 2647/1/5 2646/1/5 2645/1/5
f 2648/1/5 2646/1/5 2647/1/5
f 2649/4/5 2648/4/5 2647/4/5
f 2650/4/5 2648/4/5 2649/4/5
f 2651/1/5 2650/1/5 2649/1/5
f 2652/1/5 2650/1/5 2651/1/5
f 2655/1/5 2654/1/5 2653/1/5
f 2656/1/5 2654/1/5 2655/1/5
f 2657/4/5 2656/4/5 2655/4/5
f 2658/4/5 2656/4/5 2657/4/5
f 2659/1/5 2658/1/5 2657/1/5
f 2660/1/5 2658/1/5 2659/1/5
f 2663/1/5 2662/1/5 2661/1/5
f 2664/1/5 2662/1/5 2663/1/5
f 2665/4/5 2664/4/5 2663/4/5
f 2666/4/5 2664/4/5 2665/4/5
f 2667/1/5 2666/1/5 2665/1/5
f 2668/1/5 2666/1/5 2667/1/5
f 2671/4/5 2668/4/5 2667/4/5
f 2672/4/5 2668/4/5 2671/4/5
f 2673/4/5 2670/4/5 2669/4/5
f 2674/4/5 2670/4/5 2673/4/5
f 2675/1/5 2672/1/5 2671/1/5
f 2676/1/5 2672/1/5 2675/1/5
f 2677/1/5 2674/1/5 2673/1/5
f 2678/1/5 2674/1/5 2677/1/5
f 2679/4/5 2676/4/5 2675/4/5
f 2680/4/5 2676/4/5 2679/4/5
f 2681/4/5 2678/4/5 2677/4/5
f 2682/4/5 2678/4/5 2681/4/5
f 2683/1/5 2680/1/5 2679/1/5
f 2684/1/5 2680/1/5 2683/1/5
f 2685/1/5 2682/1/5 2681/1/5
f 2686/1/5 2682/1/5 2685/1/5
f 2687/4/5 2684/4/5 2683/4/5
f 2688/4/5 2684/4/5 2687/4/5
f 2689/4/5 2686/4/5 2685/4/5
f 2690/4/5 2686/4/5 2689/4/5
f 2691/1/5 2688/1/5 2687/1/5
f 2692/1/5 2688/1/5 2691/1/5
f 2704/4/5 2694/4/5 2693/4/5
f 2705/1/5 2695/1/5 2694/1/5
f 2705/4/5 2694/4/5 2704/4/5
f 2706/1/5 2695/1/5 2705/1/5
f 2707/1/5 2697/1/5 2696/1/5
f 2708/4/5 2698/4/5 2697/4/5
f 2708/1/5 2697/1/5 2707/1/5
f 2709/1/5 2699/1/5 2698/1/5
f 2709/4/5 2698/4/5 2708/4/5
f 2710/4/5 2700/4/5 2699/4/5
f 2710/1/5 2699/1/5 2709/1/5
f 2711/1/5 2701/1/5 2700/1/5
f 2711/4/5 2700/4/5 2710/4/5
f 2712/4/5 2702/4/5 2701/4/5
f 2712/1/5 2701/1/5 2711/1/5
f 2713/1/5 2703/1/5 2702/1/5
f 2713/4/5 2702/4/5 2712/4/5
f 2714/1/5 2703/1/5 2713/1/5
f 2720/1/5 2716/1/5 2715/1/5
f 2721/4/5 2717/4/5 2716/4/5
f 2721/1/5 2716/1/5 2720/1/5
f 2722/1/5 2718/1/5 2717/1/5
f 2722/4/5 2717/4/5 2721/4/5
f 2723/4/5 2719/4/5 2718/4/5
f 2723/1/5 2718/1/5 2722/1/5
f 2724/4/5 2719/4/5 2723/4/5
f 2727/4/5 2726/4/5 2725/4/5
f 2728/4/5 2726/4/5 2727/4/5
f 2729/1/5 2728/1/5 2727/1/5
f 2730/1/5 2728/1/5 2729/1/5
f 2731/4/5 2730/4/5 2729/4/5
f 2732/4/5 2730/4/5 2731/4/5
f 2733/1/5 2732/1/5 2731/1/5
f 2734/1/5 2732/1/5 2733/1/5
f 2735/3/6 2736/3/6 2737/3/6
f 2737/3/6 2736/3/6 2738/3/6
f 2743/3/6 2744/3/6 2747/3/6
f 2747/3/6 2744/3/6 2748/3/6
f 2745/3/6 2746/3/6 2749/3/6
f 2749/3/6 2746/3/6 2750/3/6
f 2745/3/6 2749/3/6 2751/3/6
f 2750/3/6 2746/3/6 2752/3/6
f 2752/3/6 2746/3/6 2753/3/6
f 2751/3/6 2752/3/6 2753/3/6
f 2753/3/6 2746/3/6 2754/3/6
f 2751/3/6 2753/3/6 2755/3/6
f 2754/3/6 2746/3/6 2756/3/6
f 2757/3/6 2758/3/6 2759/3/6
f 2759/3/6 2758/3/6 2760/3/6
f 2745/3/6 2751/3/6 2761/3/6
f 2751/3/6 2755/3/6 2761/3/6
f 2755/3/6 2756/3/6 2761/3/6
f 2756/3/6 2746/3/6 2762/3/6
f 2761/3/6 2756/3/6 2762/3/6
f 2757/3/6 2759/3/6 2763/3/6
f 2760/3/6 2758/3/6 2764/3/6
f 2763/3/6 2764/3/6 2765/3/6
f 2764/3/6 2758/3/6 2765/3/6
f 2765/3/6 2758/3/6 2766/3/6
f 2763/3/6 2765/3/6 2767/3/6
f 2769/3/6 2770/3/6 2771/3/6
f 2771/3/6 2770/3/6 2772/3/6
f 2757/3/6 2763/3/6 2773/3/6
f 2763/3/6 2767/3/6 2773/3/6
f 2767/3/6 2768/3/6 2773/3/6
f 2773/3/6 2768/3/6 2774/3/6
f 2769/3/6 2771/3/6 2775/3/6
f 2772/3/6 2770/3/6 2776/3/6
f 2769/3/6 2775/3/6 2777/3/6
f 2775/3/6 2776/3/6 2777/3/6
f 2776/3/6 2770/3/6 2778/3/6
f 2777/3/6 2776/3/6 2778/3/6
f 2739/3/6 2740/3/6 2779/3/6
f 2779/3/6 2740/3/6 2780/3/6
f 2741/3/6 2742/3/6 2781/3/6
f 2781/3/6 2742/3/6 2782/3/6
f 2783/3/6 2784/3/6 2785/3/6
f 2785/3/6 2784/3/6 2786/3/6
f 2787/3/6 2788/3/6 2790/3/6
f 2790/3/6 2788/3/6 2791/3/6
f 2789/3/6 2790/3/6 2793/3/6
f 2791/3/6 2792/3/6 2793/3/6
f 2790/3/6 2791/3/6 2793/3/6
f 2793/3/6 2792/3/6 2794/3/6
f 2797/3/6 2798/3/6 2799/3/6
f 2799/3/6 2798/3/6 2800/3/6
f 2795/3/6 2796/3/6 2801/3/6
f 2801/3/6 2796/3/6 2802/3/6
f 2797/3/6 2799/3/6 2803/3/6
f 2800/3/6 2798/3/6 2804/3/6
f 2797/3/6 2803/3/6 2807/3/6
f 2803/3/6 2804/3/6 2807/3/6
f 2804/3/6 2798/3/6 2808/3/6
f 2807/3/6 2804/3/6 2808/3/6
f 2805/3/6 2806/3/6 2809/3/6
f 2809/3/6 2806/3/6 2810/3/6
f 2811/3/6 2812/3/6 2813/3/6
f 2813/3/6 2812/3/6 2814/3/6
f 2795/3/6 2801/3/6 2819/3/6
f 2802/3/6 2796/3/6 2820/3/6
f 2817/3/6 2818/3/6 2821/3/6
f 2821/3/6 2818/3/6 2822/3/6
f 2795/3/6 2819/3/6 2823/3/6
f 2819/3/6 2820/3/6 2823/3/6
f 2820/3/6 2796/3/6 2824/3/6
f 2823/3/6 2820/3/6 2824/3/6
f 2825/3/6 2826/3/6 2827/3/6
f 2827/3/6 2826/3/6 2828/3/6
f 2829/3/6 2830/3/6 2831/3/6
f 2831/3/6 2830/3/6 2832/3/6
f 2815/3/6 2816/3/6 2835/3/6
f 2833/3/6 2834/3/6 2837/3/6
f 2837/3/6 2834/3/6 2838/3/6
f 2829/3/6 2831/3/6 2839/3/6
f 2832/3/6 2830/3/6 2840/3/6
f 2835/3/6 2836/3/6 2841/3/6
f 2815/3/6 2835/3/6 2841/3/6
f 2841/3/6 2836/3/6 2842/3/6
f 2839/3/6 2840/3/6 2843/3/6
f 2829/3/6 2839/3/6 2843/3/6
f 2840/3/6 2830/3/6 2844/3/6
f 2843/3/6 2840/3/6 2844/3/6
f 2789/3/6 2793/3/6 2845/3/6
f 2794/3/6 2792/3/6 2846/3/6
f 2789/3/6 2845/3/6 2847/3/6
f 2845/3/6 2846/3/6 2847/3/6
f 2847/3/6 2846/3/6 2848/3/6
f 2846/3/6 2792/3/6 2849/3/6
f 2848/3/6 2846/3/6 2849/3/6
f 2849/3/6 2792/3/6 2850/3/6
f 2848/3/6 2849/3/6 2851/3/6
f 2851/3/6 2849/3/6 2852/3/6
f 2853/3/6 2854/3/6 2855/3/6
f 2855/3/6 2854/3/6 2856/3/6
f 2853/3/6 2855/3/6 2857/3/6
f 2857/3/6 2855/3/6 2858/3/6
f 2858/3/6 2855/3/6 2859/3/6
f 2856/3/6 2854/3/6 2861/3/6
f 2861/3/6 2854/3/6 2862/3/6
f 2859/3/6 2860/3/6 2863/3/6
f 2858/3/6 2859/3/6 2863/3/6
f 2856/3/6 2861/3/6 2864/3/6
f 2858/3/6 2863/3/6 2865/3/6
f 2863/3/6 2864/3/6 2865/3/6
f 2865/3/6 2864/3/6 2866/3/6
f 2858/3/6 2865/3/6 2867/3/6
f 2867/3/6 2865/3/6 2868/3/6
f 2864/3/6 2861/3/6 2869/3/6
f 2866/3/6 2864/3/6 2869/3/6
f 2862/3/6 2854/3/6 2870/3/6
f 2858/3/6 2867/3/6 2871/3/6
f 2866/3/6 2869/3/6 2873/3/6
f 2869/3/6 2870/3/6 2873/3/6
f 2873/3/6 2870/3/6 2874/3/6
f 2874/3/6 2870/3/6 2875/3/6
f 2875/3/6 2870/3/6 2876/3/6
f 2871/3/6 2872/3/6 2877/3/6
f 2874/3/6 2875/3/6 2879/3/6
f 2876/3/6 2870/3/6 2880/3/6
f 2880/3/6 2870/3/6 2881/3/6
f 2870/3/6 2854/3/6 2882/3/6
f 2881/3/6 2870/3/6 2882/3/6
f 2877/3/6 2878/3/6 2883/3/6
f 2874/3/6 2879/3/6 2886/3/6
f 2880/3/6 2881/3/6 2886/3/6
f 2879/3/6 2880/3/6 2886/3/6
f 2886/3/6 2881/3/6 2887/3/6
f 2882/3/6 2854/3/6 2888/3/6
f 2888/3/6 2854/3/6 2889/3/6
f 2883/3/6 2884/3/6 2890/3/6
f 2886/3/6 2887/3/6 2891/3/6
f 2885/3/6 2886/3/6 2891/3/6
f 2887/3/6 2888/3/6 2891/3/6
f 2877/3/6 2883/3/6 2892/3/6
f 2890/3/6 2891/3/6 2892/3/6
f 2883/3/6 2890/3/6 2892/3/6
f 2891/3/6 2888/3/6 2893/3/6
f 2892/3/6 2891/3/6 2893/3/6
f 2858/3/6 2871/3/6 2894/3/6
f 2877/3/6 2892/3/6 2894/3/6
f 2871/3/6 2877/3/6 2894/3/6
f 2894/3/6 2892/3/6 2895/3/6
f 2893/3/6 2888/3/6 2896/3/6
f 2889/3/6 2854/3/6 2897/3/6
f 2858/3/6 2894/3/6 2898/3/6
f 2895/3/6 2892/3/6 2899/3/6
f 2853/3/6 2857/3/6 2900/3/6
f 2900/3/6 2857/3/6 2901/3/6
f 2898/3/6 2899/3/6 2902/3/6
f 2858/3/6 2898/3/6 2902/3/6
f 2901/3/6 2902/3/6 2904/3/6
f 2902/3/6 2899/3/6 2905/3/6
f 2904/3/6 2902/3/6 2905/3/6
f 2899/3/6 2892/3/6 2906/3/6
f 2905/3/6 2899/3/6 2906/3/6
f 2903/3/6 2904/3/6 2907/3/6
f 2904/3/6 2905/3/6 2907/3/6
f 2907/3/6 2905/3/6 2908/3/6
f 2908/3/6 2905/3/6 2909/3/6
f 2906/3/6 2892/3/6 2910/3/6
f 2893/3/6 2896/3/6 2911/3/6
f 2896/3/6 2897/3/6 2911/3/6
f 2897/3/6 2854/3/6 2912/3/6
f 2911/3/6 2897/3/6 2912/3/6
f 2893/3/6 2911/3/6 2913/3/6
f 2913/3/6 2911/3/6 2914/3/6
f 2912/3/6 2854/3/6 2915/3/6
f 2893/3/6 2913/3/6 2916/3/6
f 2914/3/6 2915/3/6 2917/3/6
f 2915/3/6 2854/3/6 2918/3/6
f 2917/3/6 2915/3/6 2918/3/6
f 2916/3/6 2917/3/6 2919/3/6
f 2918/3/6 2854/3/6 2920/3/6
f 2909/3/6 2910/3/6 2921/3/6
f 2908/3/6 2909/3/6 2921/3/6
f 2910/3/6 2892/3/6 2922/3/6
f 2921/3/6 2910/3/6 2922/3/6
f 2908/3/6 2921/3/6 2923/3/6
f 2922/3/6 2892/3/6 2924/3/6
f 2924/3/6 2892/3/6 2925/3/6
f 2919/3/6 2920/3/6 2926/3/6
f 2893/3/6 2916/3/6 2926/3/6
f 2916/3/6 2919/3/6 2926/3/6
f 2924/3/6 2925/3/6 2927/3/6
f 2925/3/6 2926/3/6 2927/3/6
f 2923/3/6 2924/3/6 2927/3/6
f 2927/3/6 2926/3/6 2928/3/6
f 2928/3/6 2926/3/6 2929/3/6
f 2929/3/6 2926/3/6 2930/3/6
f 2903/3/6 2907/3/6 2931/3/6
f 2908/3/6 2923/3/6 2932/3/6
f 2923/3/6 2927/3/6 2932/3/6
f 2932/3/6 2927/3/6 2933/3/6
f 2928/3/6 2929/3/6 2934/3/6
f 2934/3/6 2929/3/6 2935/3/6
f 2930/3/6 2926/3/6 2936/3/6
f 2903/3/6 2931/3/6 2937/3/6
f 2935/3/6 2936/3/6 2937/3/6
f 2934/3/6 2935/3/6 2937/3/6
f 2932/3/6 2933/3/6 2937/3/6
f 2933/3/6 2934/3/6 2937/3/6
f 2931/3/6 2932/3/6 2937/3/6
f 2926/3/6 2920/3/6 2938/3/6
f 2937/3/6 2936/3/6 2938/3/6
f 2920/3/6 2854/3/6 2938/3/6
f 2936/3/6 2926/3/6 2938/3/6
f 2939/3/6 2940/3/6 2941/3/6
f 2941/3/6 2940/3/6 2942/3/6
f 2942/3/6 2940/3/6 2943/3/6
f 2943/3/6 2940/3/6 2944/3/6
f 2945/3/6 2946/3/6 2948/3/6
f 2948/3/6 2946/3/6 2949/3/6
f 2947/3/6 2948/3/6 2950/3/6
f 2950/3/6 2948/3/6 2951/3/6
f 2949/3/6 2946/3/6 2952/3/6
f 2952/3/6 2946/3/6 2953/3/6
f 2953/3/6 2954/3/6 2957/3/6
f 2952/3/6 2953/3/6 2957/3/6
f 2951/3/6 2952/3/6 2957/3/6
f 2957/3/6 2954/3/6 2958/3/6
f 2958/3/6 2954/3/6 2959/3/6
f 2959/3/6 2954/3/6 2960/3/6
f 2955/3/6 2956/3/6 2961/3/6
f 2961/3/6 2956/3/6 2962/3/6
f 2958/3/6 2959/3/6 2965/3/6
f 2965/3/6 2959/3/6 2966/3/6
f 2960/3/6 2954/3/6 2967/3/6
f 2967/3/6 2954/3/6 2968/3/6
f 2963/3/6 2964/3/6 2969/3/6
f 2969/3/6 2964/3/6 2970/3/6
f 2966/3/6 2967/3/6 2972/3/6
f 2972/3/6 2967/3/6 2973/3/6
f 2970/3/6 2971/3/6 2976/3/6
f 2976/3/6 2971/3/6 2977/3/6
f 2974/3/6 2975/3/6 2978/3/6
f 2978/3/6 2975/3/6 2979/3/6
f 2980/3/6 2981/3/6 2982/3/6
f 2982/3/6 2981/3/6 2983/3/6
f 2984/3/6 2985/3/6 2986/3/6
f 2986/3/6 2985/3/6 2987/3/6
f 2988/3/6 2989/3/6 2991/3/6
f 2991/3/6 2989/3/6 2992/3/6
f 2990/3/6 2991/3/6 2993/3/6
f 2993/3/6 2991/3/6 2994/3/6
f 2994/3/6 2995/3/6 2996/3/6
f 2996/3/6 2995/3/6 2997/3/6
f 2998/3/6 2999/3/6 3000/3/6
f 3000/3/6 2999/3/6 3001/3/6
f 3002/3/6 3003/3/6 3006/3/6
f 3006/3/6 3003/3/6 3007/3/6
f 3004/3/6 3005/3/6 3008/3/6
f 3008/3/6 3005/3/6 3009/3/6
f 3010/4/6 3011/4/6 3024/4/6
f 3024/4/6 3011/4/6 3025/4/6
f 3012/4/6 3013/4/6 3026/4/6
f 3013/1/6 3014/1/6 3027/1/6
f 3026/4/6 3013/4/6 3027/4/6
f 3014/4/6 3015/4/6 3028/4/6
f 3027/1/6 3014/1/6 3028/1/6
f 3015/1/6 3016/1/6 3029/1/6
f 3028/4/6 3015/4/6 3029/4/6
f 3016/4/6 3017/4/6 3030/4/6
f 3029/1/6 3016/1/6 3030/1/6
f 3017/1/6 3018/1/6 3031/1/6
f 3030/4/6 3017/4/6 3031/4/6
f 3018/4/6 3019/4/6 3032/4/6
f 3031/1/6 3018/1/6 3032/1/6
f 3019/1/6 3020/1/6 3033/1/6
f 3032/4/6 3019/4/6 3033/4/6
f 3020/4/6 3021/4/6 3034/4/6
f 3033/1/6 3020/1/6 3034/1/6
f 3021/1/6 3022/1/6 3035/1/6
f 3034/4/6 3021/4/6 3035/4/6
f 3022/4/6 3023/4/6 3036/4/6
f 3035/1/6 3022/1/6 3036/1/6
f 3036/4/6 3023/4/6 3037/4/6
f 3038/4/6 3039/4/6 3042/4/6
f 3042/4/6 3039/4/6 3043/4/6
f 3040/4/6 3041/4/6 3044/4/6
f 3044/4/6 3041/4/6 3045/4/6
f 3042/1/6 3043/1/6 3046/1/6
f 3046/1/6 3043/1/6 3047/1/6
f 3044/1/6 3045/1/6 3048/1/6
f 3048/1/6 3045/1/6 3049/1/6
f 3046/4/6 3047/4/6 3050/4/6
f 3050/4/6 3047/4/6 3051/4/6
f 3048/4/6 3049/4/6 3052/4/6
f 3052/4/6 3049/4/6 3053/4/6
f 3050/1/6 3051/1/6 3054/1/6
f 3054/1/6 3051/1/6 3055/1/6
f 3052/1/6 3053/1/6 3056/1/6
f 3056/1/6 3053/1/6 3057/1/6
f 3054/4/6 3055/4/6 3058/4/6
f 3058/4/6 3055/4/6 3059/4/6
f 3056/4/6 3057/4/6 3060/4/6
f 3060/4/6 3057/4/6 3061/4/6
f 3062/3/6 3063/3/6 3064/3/6
f 3064/3/6 3063/3/6 3065/3/6
f 3066/3/6 3067/3/6 3068/3/6
f 3068/3/6 3067/3/6 3069/3/6
f 3070/1/6 3071/1/6 3074/1/6
f 3074/1/6 3071/1/6 3075/1/6
f 3072/4/6 3073/4/6 3076/4/6
f 3076/4/6 3073/4/6 3077/4/6
f 3074/4/6 3075/4/6 3078/4/6
f 3078/4/6 3075/4/6 3079/4/6
f 3076/1/6 3077/1/6 3080/1/6
f 3080/1/6 3077/1/6 3081/1/6
f 3078/1/6 3079/1/6 3082/1/6
f 3082/1/6 3079/1/6 3083/1/6
f 3080/4/6 3081/4/6 3084/4/6
f 3084/4/6 3081/4/6 3085/4/6
f 3082/4/6 3083/4/6 3086/4/6
f 3086/4/6 3083/4/6 3087/4/6
f 3084/1/6 3085/1/6 3088/1/6
f 3088/1/6 3085/1/6 3089/1/6
f 3086/1/6 3087/1/6 3090/1/6
f 3090/1/6 3087/1/6 3091/1/6
f 3088/4/6 3089/4/6 3092/4/6
f 3092/4/6 3089/4/6 3093/4/6
f 3090/4/6 3091/4/6 3094/4/6
f 3094/4/6 3091/4/6 3095/4/6
f 3096/4/6 3097/4/6 3107/4/6
f 3107/4/6 3097/4/6 3108/4/6
f 3098/1/6 3099/1/6 3109/1/6
f 3099/4/6 3100/4/6 3110/4/6
f 3109/1/6 3099/1/6 3110/1/6
f 3100/1/6 3101/1/6 3111/1/6
f 3110/4/6 3100/4/6 3111/4/6
f 3101/4/6 3102/4/6 3112/4/6
f 3111/1/6 3101/1/6 3112/1/6
f 3102/1/6 3103/1/6 3113/1/6
f 3112/4/6 3102/4/6 3113/4/6
f 3103/4/6 3104/4/6 3114/4/6
f 3113/1/6 3103/1/6 3114/1/6
f 3104/1/6 3105/1/6 3115/1/6
f 3114/4/6 3104/4/6 3115/4/6
f 3105/4/6 3106/4/6 3116/4/6
f 3115/1/6 3105/1/6 3116/1/6
f 3116/4/6 3106/4/6 3117/4/6
f 3118/1/6 3119/1/6 3135/1/6
f 3135/1/6 3119/1/6 3136/1/6
f 3120/1/6 3121/1/6 3137/1/6
f 3121/4/6 3122/4/6 3138/4/6
f 3137/1/6 3121/1/6 3138/1/6
f 3122/1/6 3123/1/6 3139/1/6
f 3138/4/6 3122/4/6 3139/4/6
f 3123/4/6 3124/4/6 3140/4/6
f 3139/1/6 3123/1/6 3140/1/6
f 3124/1/6 3125/1/6 3141/1/6
f 3140/4/6 3124/4/6 3141/4/6
f 3125/4/6 3126/4/6 3142/4/6
f 3141/1/6 3125/1/6 3142/1/6
f 3126/1/6 3127/1/6 3143/1/6
f 3142/4/6 3126/4/6 3143/4/6
f 3127/4/6 3128/4/6 3144/4/6
f 3143/1/6 3127/1/6 3144/1/6
f 3128/1/6 3129/1/6 3145/1/6
f 3144/4/6 3128/4/6 3145/4/6
f 3129/4/6 3130/4/6 3146/4/6
f 3145/1/6 3129/1/6 3146/1/6
f 3130/1/6 3131/1/6 3147/1/6
f 3146/4/6 3130/4/6 3147/4/6
f 3131/4/6 3132/4/6 3148/4/6
f 3147/1/6 3131/1/6 3148/1/6
f 3132/1/6 3133/1/6 3149/1/6
f 3148/4/6 3132/4/6 3149/4/6
f 3133/4/6 3134/4/6 3150/4/6
f 3149/1/6 3133/1/6 3150/1/6
f 3150/4/6 3134/4/6 3151/4/6
f 3152/4/6 3153/4/6 3156/4/6
f 3156/4/6 3153/4/6 3157/4/6
f 3154/4/6 3155/4/6 3158/4/6
f 3158/4/6 3155/4/6 3159/4/6
f 3156/1/6 3157/1/6 3160/1/6
f 3160/1/6 3157/1/6 3161/1/6
f 3158/1/6 3159/1/6 3162/1/6
f 3162/1/6 3159/1/6 3163/1/6
f 3160/4/6 3161/4/6 3164/4/6
f 3164/4/6 3161/4/6 3165/4/6
f 3162/4/6 3163/4/6 3166/4/6
f 3166/4/6 3163/4/6 3167/4/6
f 3164/1/6 3165/1/6 3168/1/6
f 3168/1/6 3165/1/6 3169/1/6
f 3166/1/6 3167/1/6 3170/1/6
f 3170/1/6 3167/1/6 3171/1/6
f 3168/4/6 3169/4/6 3172/4/6
f 3172/4/6 3169/4/6 3173/4/6
f 3172/1/6 3173/1/6 3174/1/6
f 3174/1/6 3173/1/6 3175/1/6
f 3176/4/6 3177/4/6 3180/4/6
f 3180/4/6 3177/4/6 3181/4/6
f 3178/4/6 3179/4/6 3182/4/6
f 3182/4/6 3179/4/6 3183/4/6
f 3180/1/6 3181/1/6 3184/1/6
f 3184/1/6 3181/1/6 3185/1/6
f 3182/1/6 3183/1/6 3186/1/6
f 3186/1/6 3183/1/6 3187/1/6
f 3184/4/6 3185/4/6 3188/4/6
f 3188/4/6 3185/4/6 3189/4/6
f 3186/4/6 3187/4/6 3190/4/6
f 3190/4/6 3187/4/6 3191/4/6
f 3188/1/6 3189/1/6 3192/1/6
f 3192/1/6 3189/1/6 3193/1/6
f 3190/1/6 3191/1/6 3194/1/6
f 3194/1/6 3191/1/6 3195/1/6
f 3196/1/6 3197/1/6 3214/1/6
f 3214/1/6 3197/1/6 3215/1/6
f 3198/1/6 3199/1/6 3216/1/6
f 3199/4/6 3200/4/6 3217/4/6
f 3216/1/6 3199/1/6 3217/1/6
f 3200/1/6 3201/1/6 3218/1/6
f 3217/4/6 3200/4/6 3218/4/6
f 3201/4/6 3202/4/6 3219/4/6
f 3218/1/6 3201/1/6 3219/1/6
f 3202/1/6 3203/1/6 3220/1/6
f 3219/4/6 3202/4/6 3220/4/6
f 3203/4/6 3204/4/6 3221/4/6
f 3220/1/6 3203/1/6 3221/1/6
f 3204/1/6 3205/1/6 3222/1/6
f 3221/4/6 3204/4/6 3222/4/6
f 3205/4/6 3206/4/6 3223/4/6
f 3222/1/6 3205/1/6 3223/1/6
f 3206/1/6 3207/1/6 3224/1/6
f 3223/4/6 3206/4/6 3224/4/6
f 3207/4/6 3208/4/6 3225/4/6
f 3224/1/6 3207/1/6 3225/1/6
f 3208/1/6 3209/1/6 3226/1/6
f 3225/4/6 3208/4/6 3226/4/6
f 3209/4/6 3210/4/6 3227/4/6
f 3226/1/6 3209/1/6 3227/1/6
f 3210/1/6 3211/1/6 3228/1/6
f 3227/4/6 3210/4/6 3228/4/6
f 3211/4/6 3212/4/6 3229/4/6
f 3228/1/6 3211/1/6 3229/1/6
f 3212/1/6 3213/1/6 3230/1/6
f 3229/4/6 3212/4/6 3230/4/6
f 3230/1/6 3213/1/6 3231/1/6
f 3232/1/6 3233/1/6 3234/1/6
f 3234/1/6 3233/1/6 3235/1/6
f 3234/4/6 3235/4/6 3238/4/6
f 3238/4/6 3235/4/6 3239/4/6
f 3236/1/6 3237/1/6 3240/1/6
f 3240/1/6 3237/1/6 3241/1/6
f 3238/1/6 3239/1/6 3242/1/6
f 3242/1/6 3239/1/6 3243/1/6
f 3240/4/6 3241/4/6 3244/4/6
f 3244/4/6 3241/4/6 3245/4/6
f 3242/4/6 3243/4/6 3246/4/6
f 3246/4/6 3243/4/6 3247/4/6
f 3244/1/6 3245/1/6 3248/1/6
f 3248/1/6 3245/1/6 3249/1/6
f 3246/1/6 3247/1/6 3250/1/6
f 3250/1/6 3247/1/6 3251/1/6
f 3252/1/6 3253/1/6 3256/1/6
f 3256/1/6 3253/1/6 3257/1/6
f 3254/1/6 3255/1/6 3258/1/6
f 3258/1/6 3255/1/6 3259/1/6
f 3256/4/6 3257/4/6 3260/4/6
f 3260/4/6 3257/4/6 3261/4/6
f 3258/4/6 3259/4/6 3262/4/6
f 3262/4/6 3259/4/6 3263/4/6
f 3260/1/6 3261/1/6 3264/1/6
f 3264/1/6 3261/1/6 3265/1/6
f 3262/1/6 3263/1/6 3266/1/6
f 3266/1/6 3263/1/6 3267/1/6
f 3264/4/6 3265/4/6 3268/4/6
f 3268/4/6 3265/4/6 3269/4/6
f 3270/4/6 3271/4/6 3273/4/6
f 3271/1/6 3272/1/6 3274/1/6
f 3273/4/6 3271/4/6 3274/4/6
f 3274/1/6 3272/1/6 3275/1/6
f 3276/1/6 3277/1/6 3281/1/6
f 3277/4/6 3278/4/6 3282/4/6
f 3281/1/6 3277/1/6 3282/1/6
f 3282/4/6 3278/4/6 3283/4/6
f 3279/4/6 3280/4/6 3284/4/6
f 3284/4/6 3280/4/6 3285/4/6
f 3286/4/6 3287/4/6 3290/4/6
f 3290/4/6 3287/4/6 3291/4/6
f 3288/4/6 3289/4/6 3292/4/6
f 3292/4/6 3289/4/6 3293/4/6
f 3294/4/6 3295/4/6 3298/4/6
f 3295/1/6 3296/1/6 3299/1/6
f 3298/4/6 3295/4/6 3299/4/6
f 3296/4/6 3297/4/6 3300/4/6
f 3299/1/6 3296/1/6 3300/1/6
f 3300/4/6 3297/4/6 3301/4/6
f 3302/4/6 3303/4/6 3312/4/6
f 3312/4/6 3303/4/6 3313/4/6
f 3304/4/6 3305/4/6 3314/4/6
f 3305/1/6 3306/1/6 3315/1/6
f 3314/4/6 3305/4/6 3315/4/6
f 3306/4/6 3307/4/6 3316/4/6
f 3315/1/6 3306/1/6 3316/1/6
f 3307/1/6 3308/1/6 3317/1/6
f 3316/4/6 3307/4/6 3317/4/6
f 3308/4/6 3309/4/6 3318/4/6
f 3317/1/6 3308/1/6 3318/1/6
f 3309/1/6 3310/1/6 3319/1/6
f 3318/4/6 3309/4/6 3319/4/6
f 3310/4/6 3311/4/6 3320/4/6
f 3319/1/6 3310/1/6 3320/1/6
f 3320/4/6 3311/4/6 3321/4/6
f 3322/1/6 3323/1/6 3326/1/6
f 3326/1/6 3323/1/6 3327/1/6
f 3324/1/6 3325/1/6 3328/1/6
f 3328/1/6 3325/1/6 3329/1/6
f 3330/1/6 3331/1/6 3334/1/6
f 3334/1/6 3331/1/6 3335/1/6
f 3332/1/6 3333/1/6 3336/1/6
f 3336/1/6 3333/1/6 3337/1/6
f 3338/1/6 3339/1/6 3352/1/6
f 3339/4/6 3340/4/6 3353/4/6
f 3352/1/6 3339/1/6 3353/1/6
f 3340/1/6 3341/1/6 3354/1/6
f 3353/4/6 3340/4/6 3354/4/6
f 3341/4/6 3342/4/6 3355/4/6
f 3354/1/6 3341/1/6 3355/1/6
f 3342/1/6 3343/1/6 3356/1/6
f 3355/4/6 3342/4/6 3356/4/6
f 3343/4/6 3344/4/6 3357/4/6
f 3356/1/6 3343/1/6 3357/1/6
f 3344/1/6 3345/1/6 3358/1/6
f 3357/4/6 3344/4/6 3358/4/6
f 3345/4/6 3346/4/6 3359/4/6
f 3358/1/6 3345/1/6 3359/1/6
f 3346/1/6 3347/1/6 3360/1/6
f 3359/4/6 3346/4/6 3360/4/6
f 3347/4/6 3348/4/6 3361/4/6
f 3360/1/6 3347/1/6 3361/1/6
f 3348/1/6 3349/1/6 3362/1/6
f 3361/4/6 3348/4/6 3362/4/6
f 3349/4/6 3350/4/6 3363/4/6
f 3362/1/6 3349/1/6 3363/1/6
f 3350/1/6 3351/1/6 3364/1/6
f 3363/4/6 3350/4/6 3364/4/6
f 3364/1/6 3351/1/6 3365/1/6
f 3366/1/6 3367/1/6 3376/1/6
f 3376/1/6 3367/1/6 3377/1/6
f 3368/4/6 3369/4/6 3378/4/6
f 3369/1/6 3370/1/6 3379/1/6
f 3378/4/6 3369/4/6 3379/4/6
f 3370/4/6 3371/4/6 3380/4/6
f 3379/1/6 3370/1/6 3380/1/6
f 3371/1/6 3372/1/6 3381/1/6
f 3380/4/6 3371/4/6 3381/4/6
f 3372/4/6 3373/4/6 3382/4/6
f 3381/1/6 3372/1/6 3382/1/6
f 3373/1/6 3374/1/6 3383/1/6
f 3382/4/6 3373/4/6 3383/4/6
f 3374/4/6 3375/4/6 3384/4/6
f 3383/1/6 3374/1/6 3384/1/6
f 3384/4/6 3375/4/6 3385/4/6
f 3386/4/6 3387/4/6 3388/4/6
f 3388/4/6 3387/4/6 3389/4/6
f 3388/1/6 3389/1/6 3390/1/6
f 3390/1/6 3389/1/6 3391/1/6
f 3390/4/6 3391/4/6 3392/4/6
f 3392/4/6 3391/4/6 3393/4/6
f 3392/1/6 3393/1/6 3396/1/6
f 3396/1/6 3393/1/6 3397/1/6
f 3394/4/6 3395/4/6 3398/4/6
f 3398/4/6 3395/4/6 3399/4/6
f 3396/4/6 3397/4/6 3400/4/6
f 3400/4/6 3397/4/6 3401/4/6
f 3398/1/6 3399/1/6 3402/1/6
f 3402/1/6 3399/1/6 3403/1/6
f 3400/1/6 3401/1/6 3404/1/6
f 3404/1/6 3401/1/6 3405/1/6
f 3402/4/6 3403/4/6 3406/4/6
f 3406/4/6 3403/4/6 3407/4/6
f 3404/4/6 3405/4/6 3408/4/6
f 3408/4/6 3405/4/6 3409/4/6
f 3406/1/6 3407/1/6 3410/1/6
f 3410/1/6 3407/1/6 3411/1/6
f 3408/1/6 3409/1/6 3412/1/6
f 3412/1/6 3409/1/6 3413/1/6
f 3410/4/6 3411/4/6 3414/4/6
f 3414/4/6 3411/4/6 3415/4/6
f 3416/4/6 3417/4/6 3420/4/6
f 3420/4/6 3417/4/6 3421/4/6
f 3418/4/6 3419/4/6 3422/4/6
f 3422/4/6 3419/4/6 3423/4/6
f 3420/1/6 3421/1/6 3424/1/6
f 3424/1/6 3421/1/6 3425/1/6
f 3422/1/6 3423/1/6 3426/1/6
f 3426/1/6 3423/1/6 3427/1/6
f 3424/4/6 3425/4/6 3428/4/6
f 3428/4/6 3425/4/6 3429/4/6
f 3426/4/6 3427/4/6 3430/4/6
f 3430/4/6 3427/4/6 3431/4/6
f 3428/1/6 3429/1/6 3432/1/6
f 3432/1/6 3429/1/6 3433/1/6
f 3432/4/6 3433/4/6 3434/4/6
f 3434/4/6 3433/4/6 3435/4/6
f 3434/1/6 3435/1/6 3436/1/6
f 3436/1/6 3435/1/6 3437/1/6
f 3438/4/6 3439/4/6 3445/4/6
f 3445/4/6 3439/4/6 3446/4/6
f 3440/1/6 3441/1/6 3447/1/6
f 3441/4/6 3442/4/6 3448/4/6
f 3447/1/6 3441/1/6 3448/1/6
f 3442/1/6 3443/1/6 3449/1/6
f 3448/4/6 3442/4/6 3449/4/6
f 3443/4/6 3444/4/6 3450/4/6
f 3449/1/6 3443/1/6 3450/1/6
f 3450/4/6 3444/4/6 3451/4/6
f 3452/4/6 3453/4/6 3460/4/6
f 3460/4/6 3453/4/6 3461/4/6
f 3454/4/6 3455/4/6 3462/4/6
f 3455/1/6 3456/1/6 3463/1/6
f 3462/4/6 3455/4/6 3463/4/6
f 3456/4/6 3457/4/6 3464/4/6
f 3463/1/6 3456/1/6 3464/1/6
f 3457/1/6 3458/1/6 3465/1/6
f 3464/4/6 3457/4/6 3465/4/6
f 3458/4/6 3459/4/6 3466/4/6
f 3465/1/6 3458/1/6 3466/1/6
f 3466/4/6 3459/4/6 3467/4/6
f 3468/4/6 3469/4/6 3470/4/6
f 3470/4/6 3469/4/6 3471/4/6
f 3470/1/6 3471/1/6 3472/1/6
f 3472/1/6 3471/1/6 3473/1/6
f 3472/4/6 3473/4/6 3474/4/6
f 3474/4/6 3473/4/6 3475/4/6
f 3474/1/6 3475/1/6 3476/1/6
f 3476/1/6 3475/1/6 3477/1/6
f 3476/4/6 3477/4/6 3478/4/6
f 3478/4/6 3477/4/6 3479/4/6
f 3480/4/6 3481/4/6 3482/4/6
f 3482/4/6 3481/4/6 3483/4/6
f 3482/1/6 3483/1/6 3484/1/6
f 3484/1/6 3483/1/6 3485/1/6
f 3484/4/6 3485/4/6 3486/4/6
f 3486/4/6 3485/4/6 3487/4/6
f 3488/1/6 3489/1/6 3490/1/6
f 3490/1/6 3489/1/6 3491/1/6
f 3490/4/6 3491/4/6 3492/4/6
f 3492/4/6 3491/4/6 3493/4/6
f 3492/1/6 3493/1/6 3496/1/6
f 3496/1/6 3493/1/6 3497/1/6
f 3494/1/6 3495/1/6 3498/1/6
f 3498/1/6 3495/1/6 3499/1/6
f 3496/4/6 3497/4/6 3500/4/6
f 3500/4/6 3497/4/6 3501/4/6
f 3498/4/6 3499/4/6 3502/4/6
f 3502/4/6 3499/4/6 3503/4/6
f 3500/1/6 3501/1/6 3504/1/6
f 3504/1/6 3501/1/6 3505/1/6
f 3502/1/6 3503/1/6 3506/1/6
f 3506/1/6 3503/1/6 3507/1/6
f 3504/4/6 3505/4/6 3508/4/6
f 3508/4/6 3505/4/6 3509/4/6
f 3506/4/6 3507/4/6 3510/4/6
f 3510/4/6 3507/4/6 3511/4/6
f 3508/1/6 3509/1/6 3512/1/6
f 3512/1/6 3509/1/6 3513/1/6
f 3510/1/6 3511/1/6 3514/1/6
f 3514/1/6 3511/1/6 3515/1/6
f 3512/4/6 3513/4/6 3516/4/6
f 3516/4/6 3513/4/6 3517/4/6
f 3514/4/6 3515/4/6 3518/4/6
f 3518/4/6 3515/4/6 3519/4/6
f 3516/1/6 3517/1/6 3520/1/6
f 3520/1/6 3517/1/6 3521/1/6
f 3522/4/6 3523/4/6 3534/4/6
f 3523/1/6 3524/1/6 3535/1/6
f 3534/4/6 3523/4/6 3535/4/6
f 3535/1/6 3524/1/6 3536/1/6
f 3525/4/6 3526/4/6 3537/4/6
f 3526/1/6 3527/1/6 3538/1/6
f 3537/4/6 3526/4/6 3538/4/6
f 3527/4/6 3528/4/6 3539/4/6
f 3538/1/6 3527/1/6 3539/1/6
f 3528/1/6 3529/1/6 3540/1/6
f 3539/4/6 3528/4/6 3540/4/6
f 3529/4/6 3530/4/6 3541/4/6
f 3540/1/6 3529/1/6 3541/1/6
f 3530/1/6 3531/1/6 3542/1/6
f 3541/4/6 3530/4/6 3542/4/6
f 3531/4/6 3532/4/6 3543/4/6
f 3542/1/6 3531/1/6 3543/1/6
f 3532/1/6 3533/1/6 3544/1/6
f 3543/4/6 3532/4/6 3544/4/6
f 3544/1/6 3533/1/6 3545/1/6
f 3546/4/6 3547/4/6 3552/4/6
f 3547/1/6 3548/1/6 3553/1/6
f 3552/4/6 3547/4/6 3553/4/6
f 3548/4/6 3549/4/6 3554/4/6
f 3553/1/6 3548/1/6 3554/1/6
f 3549/1/6 3550/1/6 3555/1/6
f 3554/4/6 3549/4/6 3555/4/6
f 3550/4/6 3551/4/6 3556/4/6
f 3555/1/6 3550/1/6 3556/1/6
f 3556/4/6 3551/4/6 3557/4/6
f 3558/4/6 3559/4/6 3560/4/6
f 3560/4/6 3559/4/6 3561/4/6
f 3560/1/6 3561/1/6 3562/1/6
f 3562/1/6 3561/1/6 3563/1/6
f 3562/4/6 3563/4/6 3564/4/6
f 3564/4/6 3563/4/6 3565/4/6
f 3564/1/6 3565/1/6 3566/1/6
f 3566/1/6 3565/1/6 3567/1/6
f 3566/4/6 3567/4/6 3568/4/6
f 3568/4/6 3567/4/6 3569/4/6
f 3570/2/6 3571/2/6 3574/2/6
f 3574/2/6 3571/2/6 3575/2/6
f 3572/2/6 3573/2/6 3576/2/6
f 3576/2/6 3573/2/6 3577/2/6
f 3578/2/6 3579/2/6 3582/2/6
f 3582/2/6 3579/2/6 3583/2/6
f 3580/2/6 3581/2/6 3584/2/6
f 3584/2/6 3581/2/6 3585/2/6
